"year","agency_key","CESA","district_number","school_number","agency_type","school_type","charter","district_name","school_name","grade_label","total_enrollment_prek-12","number_with_disabilities","percent_with_disabilities","number_without_disabilities","percent_without_disabilities"
"2006","09984","11","0119","","03","High Schools","N","Amery","","PreK-12","596                           ","114                           ","19.127500                     ","482                           ","80.872400                     "
"2006","09984","11","0119","","03","Mid/Jr Hi Schools","N","Amery","","PreK-12","381                           ","51                            ","13.385800                     ","330                           ","86.614100                     "
"2006","09984","11","0119","","03","Elem. Schools","N","Amery","","PreK-12","811                           ","72                            ","8.877900                      ","739                           ","91.122000                     "
"2006","09984","11","0119","","03","El/Sec Combined Schls","N","Amery","","PreK-12","0                             ","*                             ","*                             ","*                             ","*                             "
"2006","09978","11","0119","0020","04","Elem. Schools","N","Amery","Lien Elementary","PreK-12","444                           ","31                            ","6.981900                      ","413                           ","93.018000                     "
"2006","09979","11","0119","0040","04","High Schools","N","Amery","Amery High","PreK-12","596                           ","114                           ","19.127500                     ","482                           ","80.872400                     "
"2006","09980","11","0119","0050","04","Elem. Schools","N","Amery","Amery Intermediate","PreK-12","367                           ","41                            ","11.171600                     ","326                           ","88.828300                     "
"2006","09981","11","0119","0060","04","Mid/Jr Hi Schools","N","Amery","Amery Middle","PreK-12","381                           ","51                            ","13.385800                     ","330                           ","86.614100                     "
"2006","10012","11","0231","","03","El/Sec Combined Schls","N","Baldwin-Woodville Area","","PreK-12","0                             ","*                             ","*                             ","*                             ","*                             "
"2006","10012","11","0231","","03","Elem. Schools","N","Baldwin-Woodville Area","","PreK-12","579                           ","82                            ","14.162300                     ","497                           ","85.837600                     "
"2006","10012","11","0231","","03","Mid/Jr Hi Schools","N","Baldwin-Woodville Area","","PreK-12","455                           ","53                            ","11.648300                     ","402                           ","88.351600                     "
"2006","10012","11","0231","","03","High Schools","N","Baldwin-Woodville Area","","PreK-12","439                           ","47                            ","10.706100                     ","392                           ","89.293800                     "
"2006","10008","11","0231","0040","04","High Schools","N","Baldwin-Woodville Area","Baldwin-Woodville High","PreK-12","439                           ","47                            ","10.706100                     ","392                           ","89.293800                     "
"2006","10009","11","0231","0070","04","Elem. Schools","N","Baldwin-Woodville Area","Greenfield Elementary","PreK-12","579                           ","82                            ","14.162300                     ","497                           ","85.837600                     "
"2006","10390","11","0231","0090","04","Mid/Jr Hi Schools","N","Baldwin-Woodville Area","Viking Middle","PreK-12","455                           ","53                            ","11.648300                     ","402                           ","88.351600                     "
"2006","16332","11","0238","","03","High Schools","N","Unity","","PreK-12","358                           ","60                            ","16.759700                     ","298                           ","83.240200                     "
"2006","16332","11","0238","","03","Mid/Jr Hi Schools","N","Unity","","PreK-12","269                           ","48                            ","17.843800                     ","221                           ","82.156100                     "
"2006","16332","11","0238","","03","Elem. Schools","N","Unity","","PreK-12","495                           ","78                            ","15.757500                     ","417                           ","84.242400                     "
"2006","16332","11","0238","","03","El/Sec Combined Schls","N","Unity","","PreK-12","0                             ","*                             ","*                             ","*                             ","*                             "
"2006","16327","11","0238","0060","04","Elem. Schools","N","Unity","Unity Elementary","PreK-12","495                           ","78                            ","15.757500                     ","417                           ","84.242400                     "
"2006","16328","11","0238","0100","04","High Schools","N","Unity","Unity High","PreK-12","358                           ","60                            ","16.759700                     ","298                           ","83.240200                     "
"2006","16329","11","0238","0120","04","Mid/Jr Hi Schools","N","Unity","Unity Middle","PreK-12","269                           ","48                            ","17.843800                     ","221                           ","82.156100                     "
"2006","16384","11","0308","","03","El/Sec Combined Schls","N","Barron Area","","PreK-12","0                             ","*                             ","*                             ","*                             ","*                             "
"2006","16384","11","0308","","03","High Schools","N","Barron Area","","PreK-12","479                           ","61                            ","12.734800                     ","418                           ","87.265100                     "
"2006","16384","11","0308","","03","Mid/Jr Hi Schools","N","Barron Area","","PreK-12","283                           ","47                            ","16.607700                     ","236                           ","83.392200                     "
"2006","16384","11","0308","","03","Elem. Schools","N","Barron Area","","PreK-12","561                           ","98                            ","17.468800                     ","463                           ","82.531100                     "
"2006","16201","11","0308","0020","04","Elem. Schools","N","Barron Area","Almena Elementary","PreK-12","72                            ","19                            ","26.388800                     ","53                            ","73.611100                     "
"2006","16377","11","0308","0030","04","High Schools","N","Barron Area","Barron High","PreK-12","468                           ","57                            ","12.179400                     ","411                           ","87.820500                     "
"2006","16032","11","0308","0120","04","Elem. Schools","N","Barron Area","Ridgeland Elementary","PreK-12","86                            ","5                             ","5.813900                      ","81                            ","94.186000                     "
"2006","16378","11","0308","0140","04","Mid/Jr Hi Schools","N","Barron Area","Riverview Middle","PreK-12","283                           ","47                            ","16.607700                     ","236                           ","83.392200                     "
"2006","16379","11","0308","0160","04","Elem. Schools","N","Barron Area","Woodland Elementary","PreK-12","403                           ","74                            ","18.362200                     ","329                           ","81.637700                     "
"2006","71744","11","0308","9410","4C","High Schools","Y","Barron Area","Barron County Learning Center","PreK-12","11                            ","4                             ","36.363600                     ","7                             ","63.636300                     "
"2006","16473","11","0441","","03","Elem. Schools","N","Birchwood","","PreK-12","130                           ","20                            ","15.384600                     ","110                           ","84.615300                     "
"2006","16473","11","0441","","03","Mid/Jr Hi Schools","N","Birchwood","","PreK-12","60                            ","15                            ","25.000000                     ","45                            ","75.000000                     "
"2006","16473","11","0441","","03","High Schools","N","Birchwood","","PreK-12","109                           ","9                             ","8.256800                      ","100                           ","91.743100                     "
"2006","16473","11","0441","","03","El/Sec Combined Schls","N","Birchwood","","PreK-12","0                             ","*                             ","*                             ","*                             ","*                             "
"2006","16470","11","0441","0020","04","Elem. Schools","N","Birchwood","Birchwood Elementary","PreK-12","130                           ","20                            ","15.384600                     ","110                           ","84.615300                     "
"2006","16471","11","0441","0040","04","High Schools","N","Birchwood","Birchwood High","PreK-12","109                           ","9                             ","8.256800                      ","100                           ","91.743100                     "
"2006","72866","11","0441","0210","04","Mid/Jr Hi Schools","N","Birchwood","Birchwood Middle","PreK-12","60                            ","15                            ","25.000000                     ","45                            ","75.000000                     "
"2006","15436","11","0637","","03","El/Sec Combined Schls","N","Boyceville Community","","PreK-12","0                             ","*                             ","*                             ","*                             ","*                             "
"2006","15436","11","0637","","03","High Schools","N","Boyceville Community","","PreK-12","401                           ","66                            ","16.458800                     ","335                           ","83.541100                     "
"2006","15436","11","0637","","03","Mid/Jr Hi Schools","N","Boyceville Community","","PreK-12","0                             ","*                             ","*                             ","*                             ","*                             "
"2006","15436","11","0637","","03","Elem. Schools","N","Boyceville Community","","PreK-12","467                           ","67                            ","14.346800                     ","400                           ","85.653100                     "
"2006","15432","11","0637","0020","04","Elem. Schools","N","Boyceville Community","Tiffany Creek Elementary","PreK-12","467                           ","67                            ","14.346800                     ","400                           ","85.653100                     "
"2006","15433","11","0637","0040","04","High Schools","N","Boyceville Community","Boyceville Middle/High","PreK-12","401                           ","66                            ","16.458800                     ","335                           ","83.541100                     "
"2006","16508","11","0903","","03","Elem. Schools","N","Cameron","","PreK-12","300                           ","54                            ","18.000000                     ","246                           ","82.000000                     "
"2006","16508","11","0903","","03","Mid/Jr Hi Schools","N","Cameron","","PreK-12","287                           ","45                            ","15.679400                     ","242                           ","84.320500                     "
"2006","16508","11","0903","","03","High Schools","N","Cameron","","PreK-12","260                           ","39                            ","15.000000                     ","221                           ","85.000000                     "
"2006","16508","11","0903","","03","El/Sec Combined Schls","N","Cameron","","PreK-12","0                             ","*                             ","*                             ","*                             ","*                             "
"2006","16502","11","0903","0020","04","Elem. Schools","N","Cameron","Cameron Elementary","PreK-12","300                           ","54                            ","18.000000                     ","246                           ","82.000000                     "
"2006","16503","11","0903","0040","04","High Schools","N","Cameron","Cameron High","PreK-12","260                           ","39                            ","15.000000                     ","221                           ","85.000000                     "
"2006","71185","11","0903","0200","04","Mid/Jr Hi Schools","N","Cameron","Cameron Middle","PreK-12","287                           ","45                            ","15.679400                     ","242                           ","84.320500                     "
"2006","71743","11","0903","9410","4C","High Schools","Y","Cameron","Barron County Learning Center","PreK-12","0                             ","*                             ","*                             ","*                             ","*                             "
"2006","15486","11","1078","","03","El/Sec Combined Schls","N","Chetek","","PreK-12","0                             ","*                             ","*                             ","*                             ","*                             "
"2006","15486","11","1078","","03","High Schools","N","Chetek","","PreK-12","353                           ","45                            ","12.747800                     ","308                           ","87.252100                     "
"2006","15486","11","1078","","03","Mid/Jr Hi Schools","N","Chetek","","PreK-12","214                           ","51                            ","23.831700                     ","163                           ","76.168200                     "
"2006","15486","11","1078","","03","Elem. Schools","N","Chetek","","PreK-12","442                           ","67                            ","15.158300                     ","375                           ","84.841600                     "
"2006","15480","11","1078","0040","04","High Schools","N","Chetek","Chetek High","PreK-12","353                           ","45                            ","12.747800                     ","308                           ","87.252100                     "
"2006","15481","11","1078","0060","04","Mid/Jr Hi Schools","N","Chetek","Chetek Middle","PreK-12","214                           ","51                            ","23.831700                     ","163                           ","76.168200                     "
"2006","15482","11","1078","0080","04","Elem. Schools","N","Chetek","Roselawn Elementary","PreK-12","442                           ","67                            ","15.158300                     ","375                           ","84.841600                     "
"2006","10047","11","1120","","03","Elem. Schools","N","Clayton","","PreK-12","224                           ","30                            ","13.392800                     ","194                           ","86.607100                     "
"2006","10047","11","1120","","03","Mid/Jr Hi Schools","N","Clayton","","PreK-12","103                           ","9                             ","8.737800                      ","94                            ","91.262100                     "
"2006","10047","11","1120","","03","High Schools","N","Clayton","","PreK-12","113                           ","22                            ","19.469000                     ","91                            ","80.530900                     "
"2006","10047","11","1120","","03","El/Sec Combined Schls","N","Clayton","","PreK-12","0                             ","*                             ","*                             ","*                             ","*                             "
"2006","10044","11","1120","0020","04","Elem. Schools","N","Clayton","Clayton Elementary","PreK-12","224                           ","30                            ","13.392800                     ","194                           ","86.607100                     "
"2006","10045","11","1120","0040","04","High Schools","N","Clayton","Clayton High","PreK-12","113                           ","22                            ","19.469000                     ","91                            ","80.530900                     "
"2006","10046","11","1120","0060","04","Mid/Jr Hi Schools","N","Clayton","Clayton Middle","PreK-12","103                           ","9                             ","8.737800                      ","94                            ","91.262100                     "
"2006","10058","11","1127","","03","El/Sec Combined Schls","N","Clear Lake","","PreK-12","0                             ","*                             ","*                             ","*                             ","*                             "
"2006","10058","11","1127","","03","High Schools","N","Clear Lake","","PreK-12","209                           ","28                            ","13.397100                     ","181                           ","86.602800                     "
"2006","10058","11","1127","","03","Mid/Jr Hi Schools","N","Clear Lake","","PreK-12","117                           ","17                            ","14.529900                     ","100                           ","85.470000                     "
"2006","10058","11","1127","","03","Elem. Schools","N","Clear Lake","","PreK-12","326                           ","49                            ","15.030600                     ","277                           ","84.969300                     "
"2006","10052","11","1127","0020","04","Elem. Schools","N","Clear Lake","Gaylord A Nelson Educ Center","PreK-12","326                           ","49                            ","15.030600                     ","277                           ","84.969300                     "
"2006","10053","11","1127","0040","04","High Schools","N","Clear Lake","Clear Lake High","PreK-12","209                           ","28                            ","13.397100                     ","181                           ","86.602800                     "
"2006","10054","11","1127","0060","04","Mid/Jr Hi Schools","N","Clear Lake","Clear Lake Junior High","PreK-12","117                           ","17                            ","14.529900                     ","100                           ","85.470000                     "
"2006","15597","11","1176","","03","Elem. Schools","N","Colfax","","PreK-12","572                           ","84                            ","14.685300                     ","488                           ","85.314600                     "
"2006","15597","11","1176","","03","Mid/Jr Hi Schools","N","Colfax","","PreK-12","0                             ","*                             ","*                             ","*                             ","*                             "
"2006","15597","11","1176","","03","High Schools","N","Colfax","","PreK-12","260                           ","37                            ","14.230700                     ","223                           ","85.769200                     "
"2006","15597","11","1176","","03","El/Sec Combined Schls","N","Colfax","","PreK-12","0                             ","*                             ","*                             ","*                             ","*                             "
"2006","15592","11","1176","0020","04","Elem. Schools","N","Colfax","Colfax Elementary","PreK-12","572                           ","84                            ","14.685300                     ","488                           ","85.314600                     "
"2006","15593","11","1176","0040","04","High Schools","N","Colfax","Colfax High","PreK-12","246                           ","33                            ","13.414600                     ","213                           ","86.585300                     "
"2006","51943","11","1176","0400","04","High Schools","Y","Colfax","Academic Center","PreK-12","14                            ","4                             ","28.571400                     ","10                            ","71.428500                     "
"2006","16538","11","1260","","03","El/Sec Combined Schls","N","Cumberland","","PreK-12","0                             ","*                             ","*                             ","*                             ","*                             "
"2006","16538","11","1260","","03","High Schools","N","Cumberland","","PreK-12","398                           ","68                            ","17.085400                     ","330                           ","82.914500                     "
"2006","16538","11","1260","","03","Mid/Jr Hi Schools","N","Cumberland","","PreK-12","358                           ","52                            ","14.525100                     ","306                           ","85.474800                     "
"2006","16538","11","1260","","03","Elem. Schools","N","Cumberland","","PreK-12","421                           ","63                            ","14.964300                     ","358                           ","85.035600                     "
"2006","16532","11","1260","0040","04","Elem. Schools","N","Cumberland","Cumberland Elementary","PreK-12","421                           ","63                            ","14.964300                     ","358                           ","85.035600                     "
"2006","16533","11","1260","0050","04","Mid/Jr Hi Schools","N","Cumberland","Cumberland Middle","PreK-12","358                           ","52                            ","14.525100                     ","306                           ","85.474800                     "
"2006","16534","11","1260","0060","04","High Schools","N","Cumberland","Cumberland High","PreK-12","398                           ","68                            ","17.085400                     ","330                           ","82.914500                     "
"2006","71745","11","1260","9410","4C","High Schools","Y","Cumberland","Barron County Learning Center","PreK-12","3                             ","*                             ","*                             ","*                             ","*                             "
"2006","15644","11","1499","","03","Elem. Schools","N","Durand","","PreK-12","391                           ","73                            ","18.670000                     ","318                           ","81.329900                     "
"2006","15644","11","1499","","03","Mid/Jr Hi Schools","N","Durand","","PreK-12","303                           ","58                            ","19.141900                     ","245                           ","80.858000                     "
"2006","15644","11","1499","","03","High Schools","N","Durand","","PreK-12","401                           ","55                            ","13.715700                     ","346                           ","86.284200                     "
"2006","15644","11","1499","","03","El/Sec Combined Schls","N","Durand","","PreK-12","0                             ","*                             ","*                             ","*                             ","*                             "
"2006","15638","11","1499","0020","04","Elem. Schools","N","Durand","Caddie Woodlawn Elementary","PreK-12","391                           ","73                            ","18.670000                     ","318                           ","81.329900                     "
"2006","15639","11","1499","0040","04","High Schools","N","Durand","Durand High","PreK-12","401                           ","55                            ","13.715700                     ","346                           ","86.284200                     "
"2006","15379","11","1499","0060","04","Mid/Jr Hi Schools","N","Durand","Arkansaw Middle","PreK-12","303                           ","58                            ","19.141900                     ","245                           ","80.858000                     "
"2006","15685","11","1645","","03","El/Sec Combined Schls","N","Elk Mound Area","","PreK-12","0                             ","*                             ","*                             ","*                             ","*                             "
"2006","15685","11","1645","","03","High Schools","N","Elk Mound Area","","PreK-12","291                           ","50                            ","17.182100                     ","241                           ","82.817800                     "
"2006","15685","11","1645","","03","Mid/Jr Hi Schools","N","Elk Mound Area","","PreK-12","273                           ","31                            ","11.355300                     ","242                           ","88.644600                     "
"2006","15685","11","1645","","03","Elem. Schools","N","Elk Mound Area","","PreK-12","441                           ","55                            ","12.471600                     ","386                           ","87.528300                     "
"2006","15679","11","1645","0020","04","Mid/Jr Hi Schools","N","Elk Mound Area","Elk Mound Middle","PreK-12","273                           ","31                            ","11.355300                     ","242                           ","88.644600                     "
"2006","15680","11","1645","0040","04","High Schools","N","Elk Mound Area","Elk Mound High","PreK-12","291                           ","50                            ","17.182100                     ","241                           ","82.817800                     "
"2006","15681","11","1645","0060","04","Elem. Schools","N","Elk Mound Area","Mound View Elementary","PreK-12","441                           ","55                            ","12.471600                     ","386                           ","87.528300                     "
"2006","10092","11","1659","","03","Elem. Schools","N","Ellsworth Community","","PreK-12","662                           ","69                            ","10.422900                     ","593                           ","89.577000                     "
"2006","10092","11","1659","","03","Mid/Jr Hi Schools","N","Ellsworth Community","","PreK-12","427                           ","50                            ","11.709600                     ","377                           ","88.290300                     "
"2006","10092","11","1659","","03","High Schools","N","Ellsworth Community","","PreK-12","594                           ","60                            ","10.101000                     ","534                           ","89.898900                     "
"2006","10092","11","1659","","03","El/Sec Combined Schls","N","Ellsworth Community","","PreK-12","0                             ","*                             ","*                             ","*                             ","*                             "
"2006","10085","11","1659","0020","04","Mid/Jr Hi Schools","N","Ellsworth Community","Ellsworth Middle","PreK-12","427                           ","50                            ","11.709600                     ","377                           ","88.290300                     "
"2006","10086","11","1659","0040","04","High Schools","N","Ellsworth Community","Ellsworth High","PreK-12","594                           ","60                            ","10.101000                     ","534                           ","89.898900                     "
"2006","10087","11","1659","0060","04","Elem. Schools","N","Ellsworth Community","Hillcrest Elementary","PreK-12","294                           ","40                            ","13.605400                     ","254                           ","86.394500                     "
"2006","10135","11","1659","0080","04","Elem. Schools","N","Ellsworth Community","Lindgren Elementary","PreK-12","87                            ","2                             ","2.298800                      ","85                            ","97.701100                     "
"2006","10136","11","1659","0120","04","Elem. Schools","N","Ellsworth Community","Prairie View Elementary","PreK-12","180                           ","18                            ","10.000000                     ","162                           ","90.000000                     "
"2006","10088","11","1659","0140","04","Elem. Schools","N","Ellsworth Community","Sunnyside Elementary","PreK-12","101                           ","9                             ","8.910800                      ","92                            ","91.089100                     "
"2006","15698","11","1666","","03","El/Sec Combined Schls","N","Elmwood","","PreK-12","0                             ","*                             ","*                             ","*                             ","*                             "
"2006","15698","11","1666","","03","High Schools","N","Elmwood","","PreK-12","125                           ","10                            ","8.000000                      ","115                           ","92.000000                     "
"2006","15698","11","1666","","03","Mid/Jr Hi Schools","N","Elmwood","","PreK-12","57                            ","5                             ","8.771900                      ","52                            ","91.228000                     "
"2006","15698","11","1666","","03","Elem. Schools","N","Elmwood","","PreK-12","191                           ","12                            ","6.282700                      ","179                           ","93.717200                     "
"2006","15693","11","1666","0020","04","Elem. Schools","N","Elmwood","Elmwood Elementary","PreK-12","191                           ","12                            ","6.282700                      ","179                           ","93.717200                     "
"2006","15694","11","1666","0030","04","Mid/Jr Hi Schools","N","Elmwood","Elmwood Middle","PreK-12","57                            ","5                             ","8.771900                      ","52                            ","91.228000                     "
"2006","15695","11","1666","0040","04","High Schools","N","Elmwood","Elmwood High","PreK-12","125                           ","10                            ","8.000000                      ","115                           ","92.000000                     "
"2006","16597","11","1939","","03","Elem. Schools","N","Frederic","","PreK-12","255                           ","25                            ","9.803900                      ","230                           ","90.196000                     "
"2006","16597","11","1939","","03","Mid/Jr Hi Schools","N","Frederic","","PreK-12","0                             ","*                             ","*                             ","*                             ","*                             "
"2006","16597","11","1939","","03","High Schools","N","Frederic","","PreK-12","284                           ","34                            ","11.971800                     ","250                           ","88.028100                     "
"2006","16597","11","1939","","03","El/Sec Combined Schls","N","Frederic","","PreK-12","0                             ","*                             ","*                             ","*                             ","*                             "
"2006","16592","11","1939","0020","04","Elem. Schools","N","Frederic","Frederic Elementary","PreK-12","255                           ","25                            ","9.803900                      ","230                           ","90.196000                     "
"2006","16593","11","1939","0040","04","High Schools","N","Frederic","Frederic 7-12 Sch","PreK-12","284                           ","34                            ","11.971800                     ","250                           ","88.028100                     "
"2006","10123","11","2198","","03","El/Sec Combined Schls","N","Glenwood City","","PreK-12","0                             ","*                             ","*                             ","*                             ","*                             "
"2006","10123","11","2198","","03","High Schools","N","Glenwood City","","PreK-12","287                           ","45                            ","15.679400                     ","242                           ","84.320500                     "
"2006","10123","11","2198","","03","Mid/Jr Hi Schools","N","Glenwood City","","PreK-12","121                           ","18                            ","14.876000                     ","103                           ","85.123900                     "
"2006","10123","11","2198","","03","Elem. Schools","N","Glenwood City","","PreK-12","388                           ","85                            ","21.907200                     ","303                           ","78.092700                     "
"2006","10118","11","2198","0060","04","Elem. Schools","N","Glenwood City","Glenwood City Elementary","PreK-12","388                           ","85                            ","21.907200                     ","303                           ","78.092700                     "
"2006","10119","11","2198","0080","04","High Schools","N","Glenwood City","Glenwood City High","PreK-12","277                           ","43                            ","15.523400                     ","234                           ","84.476500                     "
"2006","10120","11","2198","0100","04","Mid/Jr Hi Schools","N","Glenwood City","Glenwood City Junior High","PreK-12","121                           ","18                            ","14.876000                     ","103                           ","85.123900                     "
"2006","71267","11","2198","0400","04","High Schools","Y","Glenwood City","Transitional Skills Center","PreK-12","10                            ","2                             ","20.000000                     ","8                             ","80.000000                     "
"2006","16626","11","2233","","03","Elem. Schools","N","Grantsburg","","PreK-12","316                           ","39                            ","12.341700                     ","277                           ","87.658200                     "
"2006","16626","11","2233","","03","Mid/Jr Hi Schools","N","Grantsburg","","PreK-12","365                           ","41                            ","11.232800                     ","324                           ","88.767100                     "
"2006","16626","11","2233","","03","High Schools","N","Grantsburg","","PreK-12","310                           ","35                            ","11.290300                     ","275                           ","88.709600                     "
"2006","16626","11","2233","","03","El/Sec Combined Schls","N","Grantsburg","","PreK-12","0                             ","*                             ","*                             ","*                             ","*                             "
"2006","16619","11","2233","0060","04","Elem. Schools","N","Grantsburg","Grantsburg Elementary","PreK-12","198                           ","20                            ","10.101000                     ","178                           ","89.898900                     "
"2006","16620","11","2233","0080","04","High Schools","N","Grantsburg","Grantsburg High","PreK-12","310                           ","35                            ","11.290300                     ","275                           ","88.709600                     "
"2006","16621","11","2233","0100","04","Mid/Jr Hi Schools","N","Grantsburg","Grantsburg Middle","PreK-12","365                           ","41                            ","11.232800                     ","324                           ","88.767100                     "
"2006","16622","11","2233","0120","04","Elem. Schools","N","Grantsburg","Nelson Elementary","PreK-12","118                           ","19                            ","16.101600                     ","99                            ","83.898300                     "
"2006","72928","11","2233","0430","04","High Schools","Y","Grantsburg","Grantsburg Virtual School","PreK-12","3                             ","*                             ","*                             ","*                             ","*                             "
"2006","10150","11","2422","","03","Elem. Schools","N","Saint Croix Central","","PreK-12","598                           ","71                            ","11.872900                     ","527                           ","88.127000                     "
"2006","10150","11","2422","","03","El/Sec Combined Schls","N","Saint Croix Central","","PreK-12","0                             ","*                             ","*                             ","*                             ","*                             "
"2006","10150","11","2422","","03","High Schools","N","Saint Croix Central","","PreK-12","360                           ","44                            ","12.222200                     ","316                           ","87.777700                     "
"2006","10150","11","2422","","03","Mid/Jr Hi Schools","N","Saint Croix Central","","PreK-12","261                           ","36                            ","13.793100                     ","225                           ","86.206800                     "
"2006","10335","11","2422","0040","04","Elem. Schools","N","Saint Croix Central","Saint Croix Central Elementary","PreK-12","598                           ","71                            ","11.872900                     ","527                           ","88.127000                     "
"2006","10148","11","2422","0060","04","High Schools","N","Saint Croix Central","Saint Croix High","PreK-12","360                           ","44                            ","12.222200                     ","316                           ","87.777700                     "
"2006","10149","11","2422","0080","04","Mid/Jr Hi Schools","N","Saint Croix Central","Saint Croix Middle","PreK-12","261                           ","36                            ","13.793100                     ","225                           ","86.206800                     "
"2006","10168","11","2611","","03","Elem. Schools","N","Hudson","","PreK-12","2226                          ","285                           ","12.803200                     ","1941                          ","87.196700                     "
"2006","10168","11","2611","","03","High Schools","N","Hudson","","PreK-12","1627                          ","223                           ","13.706200                     ","1404                          ","86.293700                     "
"2006","10168","11","2611","","03","Mid/Jr Hi Schools","N","Hudson","","PreK-12","1100                          ","142                           ","12.909000                     ","958                           ","87.090900                     "
"2006","10168","11","2611","","03","El/Sec Combined Schls","N","Hudson","","PreK-12","0                             ","*                             ","*                             ","*                             ","*                             "
"2006","10156","11","2611","0010","04","Elem. Schools","N","Hudson","Willow River Elementary","PreK-12","427                           ","114                           ","26.697800                     ","313                           ","73.302100                     "
"2006","10397","11","2611","0020","04","Elem. Schools","N","Hudson","Houlton Elementary","PreK-12","190                           ","14                            ","7.368400                      ","176                           ","92.631500                     "
"2006","10157","11","2611","0070","04","Mid/Jr Hi Schools","N","Hudson","Hudson Middle","PreK-12","1100                          ","142                           ","12.909000                     ","958                           ","87.090900                     "
"2006","10158","11","2611","0080","04","High Schools","N","Hudson","Hudson High","PreK-12","1627                          ","223                           ","13.706200                     ","1404                          ","86.293700                     "
"2006","10159","11","2611","0100","04","Elem. Schools","N","Hudson","North Hudson Elementary","PreK-12","413                           ","44                            ","10.653700                     ","369                           ","89.346200                     "
"2006","10160","11","2611","0120","04","Elem. Schools","N","Hudson","Rock Elementary","PreK-12","601                           ","67                            ","11.148000                     ","534                           ","88.851900                     "
"2006","48785","11","2611","0140","04","Elem. Schools","N","Hudson","Hudson Prairie Elementary","PreK-12","595                           ","46                            ","7.731000                      ","549                           ","92.268900                     "
"2006","16766","11","3213","","03","El/Sec Combined Schls","N","Luck","","PreK-12","0                             ","*                             ","*                             ","*                             ","*                             "
"2006","16766","11","3213","","03","Mid/Jr Hi Schools","N","Luck","","PreK-12","0                             ","*                             ","*                             ","*                             ","*                             "
"2006","16766","11","3213","","03","High Schools","N","Luck","","PreK-12","331                           ","35                            ","10.574000                     ","296                           ","89.425900                     "
"2006","16766","11","3213","","03","Elem. Schools","N","Luck","","PreK-12","261                           ","21                            ","8.045900                      ","240                           ","91.954000                     "
"2006","16763","11","3213","0040","04","Elem. Schools","N","Luck","Luck Elementary","PreK-12","261                           ","21                            ","8.045900                      ","240                           ","91.954000                     "
"2006","16764","11","3213","0060","04","High Schools","N","Luck","Luck High","PreK-12","331                           ","35                            ","10.574000                     ","296                           ","89.425900                     "
"2006","15828","11","3444","","03","Elem. Schools","N","Menomonie Area","","PreK-12","1282                          ","185                           ","14.430500                     ","1097                          ","85.569400                     "
"2006","15828","11","3444","","03","High Schools","N","Menomonie Area","","PreK-12","1168                          ","156                           ","13.356100                     ","1012                          ","86.643800                     "
"2006","15828","11","3444","","03","Mid/Jr Hi Schools","N","Menomonie Area","","PreK-12","714                           ","92                            ","12.885100                     ","622                           ","87.114800                     "
"2006","15828","11","3444","","03","El/Sec Combined Schls","N","Menomonie Area","","PreK-12","0                             ","*                             ","*                             ","*                             ","*                             "
"2006","15813","11","3444","0020","04","Elem. Schools","N","Menomonie Area","Cedar Falls/Wakanda Elementary","PreK-12","392                           ","64                            ","16.326500                     ","328                           ","83.673400                     "
"2006","15637","11","3444","0060","04","Elem. Schools","N","Menomonie Area","Downsville Elementary","PreK-12","96                            ","10                            ","10.416600                     ","86                            ","89.583300                     "
"2006","15809","11","3444","0110","04","Elem. Schools","N","Menomonie Area","Knapp Elementary","PreK-12","120                           ","9                             ","7.500000                      ","111                           ","92.500000                     "
"2006","15815","11","3444","0160","04","Mid/Jr Hi Schools","N","Menomonie Area","Menomonie Middle","PreK-12","714                           ","92                            ","12.885100                     ","622                           ","87.114800                     "
"2006","15816","11","3444","0180","04","High Schools","N","Menomonie Area","Menomonie High","PreK-12","1133                          ","142                           ","12.533000                     ","991                           ","87.466900                     "
"2006","15818","11","3444","0210","04","Elem. Schools","N","Menomonie Area","Oaklawn Elementary","PreK-12","327                           ","45                            ","13.761400                     ","282                           ","86.238500                     "
"2006","15819","11","3444","0220","04","Elem. Schools","N","Menomonie Area","River Heights Elementary","PreK-12","347                           ","57                            ","16.426500                     ","290                           ","83.573400                     "
"2006","48781","11","3444","0400","04","High Schools","Y","Menomonie Area","Lucas Charter School","PreK-12","35                            ","14                            ","40.000000                     ","21                            ","60.000000                     "
"2006","10197","11","3962","","03","El/Sec Combined Schls","N","New Richmond","","PreK-12","0                             ","*                             ","*                             ","*                             ","*                             "
"2006","10197","11","3962","","03","Mid/Jr Hi Schools","N","New Richmond","","PreK-12","584                           ","86                            ","14.726000                     ","498                           ","85.273900                     "
"2006","10197","11","3962","","03","High Schools","N","New Richmond","","PreK-12","878                           ","115                           ","13.097900                     ","763                           ","86.902000                     "
"2006","10197","11","3962","","03","Elem. Schools","N","New Richmond","","PreK-12","1166                          ","139                           ","11.921000                     ","1027                          ","88.078900                     "
"2006","10189","11","3962","0010","04","Elem. Schools","N","New Richmond","New Richmond East Elementary","PreK-12","519                           ","65                            ","12.524000                     ","454                           ","87.475900                     "
"2006","10190","11","3962","0020","04","Elem. Schools","N","New Richmond","New Richmond West Elementary","PreK-12","647                           ","74                            ","11.437400                     ","573                           ","88.562500                     "
"2006","10191","11","3962","0040","04","Mid/Jr Hi Schools","N","New Richmond","New Richmond Middle","PreK-12","584                           ","86                            ","14.726000                     ","498                           ","85.273900                     "
"2006","10192","11","3962","0060","04","High Schools","N","New Richmond","New Richmond High","PreK-12","878                           ","115                           ","13.097900                     ","763                           ","86.902000                     "
"2006","10224","11","4165","","03","Elem. Schools","N","Osceola","","PreK-12","871                           ","133                           ","15.269800                     ","738                           ","84.730100                     "
"2006","10224","11","4165","","03","High Schools","N","Osceola","","PreK-12","597                           ","81                            ","13.567800                     ","516                           ","86.432100                     "
"2006","10224","11","4165","","03","Mid/Jr Hi Schools","N","Osceola","","PreK-12","413                           ","55                            ","13.317100                     ","358                           ","86.682800                     "
"2006","10224","11","4165","","03","El/Sec Combined Schls","N","Osceola","","PreK-12","0                             ","*                             ","*                             ","*                             ","*                             "
"2006","10219","11","4165","0040","04","Elem. Schools","N","Osceola","Osceola Elementary","PreK-12","403                           ","63                            ","15.632700                     ","340                           ","84.367200                     "
"2006","30730","11","4165","0050","04","Elem. Schools","N","Osceola","Osceola Intermediate","PreK-12","408                           ","67                            ","16.421500                     ","341                           ","83.578400                     "
"2006","10220","11","4165","0060","04","High Schools","N","Osceola","Osceola High","PreK-12","597                           ","81                            ","13.567800                     ","516                           ","86.432100                     "
"2006","10221","11","4165","0080","04","Mid/Jr Hi Schools","N","Osceola","Osceola Middle","PreK-12","413                           ","55                            ","13.317100                     ","358                           ","86.682800                     "
"2006","00141","11","4165","0100","04","Elem. Schools","Y","Osceola","Osceola Charter Preschool","PreK-12","60                            ","3                             ","5.000000                      ","57                            ","95.000000                     "
"2006","15984","11","4270","","03","El/Sec Combined Schls","N","Pepin Area","","PreK-12","0                             ","*                             ","*                             ","*                             ","*                             "
"2006","15984","11","4270","","03","Mid/Jr Hi Schools","N","Pepin Area","","PreK-12","0                             ","*                             ","*                             ","*                             ","*                             "
"2006","15984","11","4270","","03","High Schools","N","Pepin Area","","PreK-12","158                           ","29                            ","18.354400                     ","129                           ","81.645500                     "
"2006","15984","11","4270","","03","Elem. Schools","N","Pepin Area","","PreK-12","147                           ","8                             ","5.442100                      ","139                           ","94.557800                     "
"2006","15980","11","4270","0020","04","Elem. Schools","N","Pepin Area","Pepin Elementary","PreK-12","147                           ","8                             ","5.442100                      ","139                           ","94.557800                     "
"2006","15981","11","4270","0040","04","High Schools","N","Pepin Area","Pepin High","PreK-12","158                           ","29                            ","18.354400                     ","129                           ","81.645500                     "
"2006","16008","11","4459","","03","Elem. Schools","N","Plum City","","PreK-12","126                           ","17                            ","13.492000                     ","109                           ","86.507900                     "
"2006","16008","11","4459","","03","High Schools","N","Plum City","","PreK-12","219                           ","21                            ","9.589000                      ","198                           ","90.410900                     "
"2006","16008","11","4459","","03","Mid/Jr Hi Schools","N","Plum City","","PreK-12","0                             ","*                             ","*                             ","*                             ","*                             "
"2006","16008","11","4459","","03","El/Sec Combined Schls","N","Plum City","","PreK-12","0                             ","*                             ","*                             ","*                             ","*                             "
"2006","16001","11","4459","0020","04","Elem. Schools","N","Plum City","Plum City Elementary","PreK-12","126                           ","17                            ","13.492000                     ","109                           ","86.507900                     "
"2006","16002","11","4459","0040","04","High Schools","N","Plum City","Plum City High","PreK-12","219                           ","21                            ","9.589000                      ","198                           ","90.410900                     "
"2006","16021","11","4557","","03","El/Sec Combined Schls","N","Prairie Farm","","PreK-12","0                             ","*                             ","*                             ","*                             ","*                             "
"2006","16021","11","4557","","03","Mid/Jr Hi Schools","N","Prairie Farm","","PreK-12","80                            ","7                             ","8.750000                      ","73                            ","91.250000                     "
"2006","16021","11","4557","","03","High Schools","N","Prairie Farm","","PreK-12","113                           ","21                            ","18.584000                     ","92                            ","81.415900                     "
"2006","16021","11","4557","","03","Elem. Schools","N","Prairie Farm","","PreK-12","172                           ","19                            ","11.046500                     ","153                           ","88.953400                     "
"2006","16018","11","4557","0020","04","Elem. Schools","N","Prairie Farm","Prairie Farm Elementary","PreK-12","172                           ","19                            ","11.046500                     ","153                           ","88.953400                     "
"2006","16019","11","4557","0030","04","Mid/Jr Hi Schools","N","Prairie Farm","Prairie Farm Middle","PreK-12","80                            ","7                             ","8.750000                      ","73                            ","91.250000                     "
"2006","16020","11","4557","0040","04","High Schools","N","Prairie Farm","Prairie Farm High","PreK-12","113                           ","21                            ","18.584000                     ","92                            ","81.415900                     "
"2006","10254","11","4578","","03","Elem. Schools","N","Prescott","","PreK-12","558                           ","88                            ","15.770600                     ","470                           ","84.229300                     "
"2006","10254","11","4578","","03","High Schools","N","Prescott","","PreK-12","373                           ","60                            ","16.085700                     ","313                           ","83.914200                     "
"2006","10254","11","4578","","03","Mid/Jr Hi Schools","N","Prescott","","PreK-12","178                           ","18                            ","10.112300                     ","160                           ","89.887600                     "
"2006","10254","11","4578","","03","El/Sec Combined Schls","N","Prescott","","PreK-12","0                             ","*                             ","*                             ","*                             ","*                             "
"2006","10247","11","4578","0040","04","Elem. Schools","N","Prescott","Malone Elementary","PreK-12","558                           ","88                            ","15.770600                     ","470                           ","84.229300                     "
"2006","10248","11","4578","0060","04","High Schools","N","Prescott","Prescott High","PreK-12","373                           ","60                            ","16.085700                     ","313                           ","83.914200                     "
"2006","10249","11","4578","0080","04","Mid/Jr Hi Schools","N","Prescott","Prescott Middle","PreK-12","178                           ","18                            ","10.112300                     ","160                           ","89.887600                     "
"2006","16856","11","4802","","03","El/Sec Combined Schls","N","Rice Lake Area","","PreK-12","51                            ","27                            ","52.941100                     ","24                            ","47.058800                     "
"2006","16856","11","4802","","03","Mid/Jr Hi Schools","N","Rice Lake Area","","PreK-12","541                           ","83                            ","15.341900                     ","458                           ","84.658000                     "
"2006","16856","11","4802","","03","High Schools","N","Rice Lake Area","","PreK-12","812                           ","118                           ","14.532000                     ","694                           ","85.467900                     "
"2006","16856","11","4802","","03","Elem. Schools","N","Rice Lake Area","","PreK-12","1105                          ","127                           ","11.493200                     ","978                           ","88.506700                     "
"2006","16842","11","4802","0010","04","El/Sec Combined Schls","N","Rice Lake Area","Red Cedar School","PreK-12","51                            ","27                            ","52.941100                     ","24                            ","47.058800                     "
"2006","16843","11","4802","0025","04","Elem. Schools","N","Rice Lake Area","Tainter Elementary","PreK-12","294                           ","26                            ","8.843500                      ","268                           ","91.156400                     "
"2006","16653","11","4802","0060","04","Elem. Schools","N","Rice Lake Area","Haugen Elementary","PreK-12","136                           ","18                            ","13.235200                     ","118                           ","86.764700                     "
"2006","16845","11","4802","0080","04","Elem. Schools","N","Rice Lake Area","Hilltop Elementary","PreK-12","314                           ","43                            ","13.694200                     ","271                           ","86.305700                     "
"2006","16846","11","4802","0100","04","Elem. Schools","N","Rice Lake Area","Jefferson Elementary","PreK-12","138                           ","17                            ","12.318800                     ","121                           ","87.681100                     "
"2006","71739","11","4802","0110","04","Elem. Schools","N","Rice Lake Area","Hilltop Day Care & Preschool","PreK-12","20                            ","2                             ","10.000000                     ","18                            ","90.000000                     "
"2006","16847","11","4802","0120","04","Elem. Schools","N","Rice Lake Area","Lincoln Elementary","PreK-12","132                           ","17                            ","12.878700                     ","115                           ","87.121200                     "
"2006","71740","11","4802","0130","04","Elem. Schools","N","Rice Lake Area","Kiddie Korner Preschool","PreK-12","39                            ","2                             ","5.128200                      ","37                            ","94.871700                     "
"2006","16848","11","4802","0140","04","Mid/Jr Hi Schools","N","Rice Lake Area","Rice Lake Middle","PreK-12","541                           ","83                            ","15.341900                     ","458                           ","84.658000                     "
"2006","71741","11","4802","0150","04","Elem. Schools","N","Rice Lake Area","Head Start","PreK-12","32                            ","2                             ","6.250000                      ","30                            ","93.750000                     "
"2006","16849","11","4802","0180","04","High Schools","N","Rice Lake Area","Rice Lake High","PreK-12","801                           ","114                           ","14.232200                     ","687                           ","85.767700                     "
"2006","71742","11","4802","9410","04","High Schools","Y","Rice Lake Area","Barron County Learning Center","PreK-12","11                            ","4                             ","36.363600                     ","7                             ","63.636300                     "
"2006","10280","11","4893","","03","Elem. Schools","N","River Falls","","PreK-12","1276                          ","159                           ","12.460800                     ","1117                          ","87.539100                     "
"2006","10280","11","4893","","03","High Schools","N","River Falls","","PreK-12","1065                          ","107                           ","10.046900                     ","958                           ","89.953000                     "
"2006","10280","11","4893","","03","Mid/Jr Hi Schools","N","River Falls","","PreK-12","706                           ","84                            ","11.898000                     ","622                           ","88.101900                     "
"2006","10280","11","4893","","03","El/Sec Combined Schls","N","River Falls","","PreK-12","0                             ","*                             ","*                             ","*                             ","*                             "
"2006","10269","11","4893","0020","04","Elem. Schools","N","River Falls","Greenwood Elementary","PreK-12","379                           ","45                            ","11.873300                     ","334                           ","88.126600                     "
"2006","10270","11","4893","0040","04","Elem. Schools","N","River Falls","Rocky Branch Elementary","PreK-12","377                           ","45                            ","11.936300                     ","332                           ","88.063600                     "
"2006","10271","11","4893","0060","04","Mid/Jr Hi Schools","N","River Falls","Meyer Middle","PreK-12","706                           ","84                            ","11.898000                     ","622                           ","88.101900                     "
"2006","10272","11","4893","0080","04","High Schools","N","River Falls","River Falls High","PreK-12","1012                          ","102                           ","10.079000                     ","910                           ","89.920900                     "
"2006","10273","11","4893","0100","04","Elem. Schools","N","River Falls","Westside Elementary","PreK-12","459                           ","66                            ","14.379000                     ","393                           ","85.620900                     "
"2006","72060","11","4893","0110","04","Elem. Schools","Y","River Falls","River Falls Public Montessori Academy","PreK-12","61                            ","3                             ","4.918000                      ","58                            ","95.081900                     "
"2006","70092","11","4893","0410","04","High Schools","Y","River Falls","Renaissance Charter Academy","PreK-12","53                            ","5                             ","9.433900                      ","48                            ","90.566000                     "
"2006","10344","11","5019","","03","El/Sec Combined Schls","N","Saint Croix Falls","","PreK-12","0                             ","*                             ","*                             ","*                             ","*                             "
"2006","10344","11","5019","","03","Elem. Schools","N","Saint Croix Falls","","PreK-12","390                           ","46                            ","11.794800                     ","344                           ","88.205100                     "
"2006","10344","11","5019","","03","Mid/Jr Hi Schools","N","Saint Croix Falls","","PreK-12","338                           ","36                            ","10.650800                     ","302                           ","89.349100                     "
"2006","10344","11","5019","","03","High Schools","N","Saint Croix Falls","","PreK-12","344                           ","48                            ","13.953400                     ","296                           ","86.046500                     "
"2006","10080","11","5019","0040","04","Elem. Schools","N","Saint Croix Falls","Dresser Elementary","PreK-12","84                            ","10                            ","11.904700                     ","74                            ","88.095200                     "
"2006","10337","11","5019","0060","04","Elem. Schools","N","Saint Croix Falls","Saint Croix Falls Elementary","PreK-12","306                           ","36                            ","11.764700                     ","270                           ","88.235200                     "
"2006","10338","11","5019","0070","04","Mid/Jr Hi Schools","N","Saint Croix Falls","Saint Croix Falls Middle","PreK-12","338                           ","36                            ","10.650800                     ","302                           ","89.349100                     "
"2006","10339","11","5019","0080","04","High Schools","N","Saint Croix Falls","Saint Croix Falls High","PreK-12","344                           ","48                            ","13.953400                     ","296                           ","86.046500                     "
"2006","16903","11","5306","","03","High Schools","N","Shell Lake","","PreK-12","269                           ","40                            ","14.869800                     ","229                           ","85.130100                     "
"2006","16903","11","5306","","03","Mid/Jr Hi Schools","N","Shell Lake","","PreK-12","0                             ","*                             ","*                             ","*                             ","*                             "
"2006","16903","11","5306","","03","Elem. Schools","N","Shell Lake","","PreK-12","307                           ","50                            ","16.286600                     ","257                           ","83.713300                     "
"2006","16903","11","5306","","03","El/Sec Combined Schls","N","Shell Lake","","PreK-12","0                             ","*                             ","*                             ","*                             ","*                             "
"2006","16894","11","5306","0010","04","Elem. Schools","N","Shell Lake","Shell LakePrimary (K-2)","PreK-12","143                           ","25                            ","17.482500                     ","118                           ","82.517400                     "
"2006","16895","11","5306","0020","04","Elem. Schools","N","Shell Lake","Shell Lake Elementary (3-6)","PreK-12","164                           ","25                            ","15.243900                     ","139                           ","84.756000                     "
"2006","16896","11","5306","0040","04","High Schools","N","Shell Lake","Shell Lake Jr/Sr High","PreK-12","269                           ","40                            ","14.869800                     ","229                           ","85.130100                     "
"2006","16927","11","5376","","03","El/Sec Combined Schls","N","Siren","","PreK-12","0                             ","*                             ","*                             ","*                             ","*                             "
"2006","16927","11","5376","","03","Elem. Schools","N","Siren","","PreK-12","350                           ","82                            ","23.428500                     ","268                           ","76.571400                     "
"2006","16927","11","5376","","03","Mid/Jr Hi Schools","N","Siren","","PreK-12","0                             ","*                             ","*                             ","*                             ","*                             "
"2006","16927","11","5376","","03","High Schools","N","Siren","","PreK-12","156                           ","33                            ","21.153800                     ","123                           ","78.846100                     "
"2006","16922","11","5376","0020","04","Elem. Schools","N","Siren","Siren Elementary/Middle","PreK-12","350                           ","82                            ","23.428500                     ","268                           ","76.571400                     "
"2006","16923","11","5376","0040","04","High Schools","N","Siren","Siren High","PreK-12","156                           ","33                            ","21.153800                     ","123                           ","78.846100                     "
"2006","10371","11","5432","","03","High Schools","N","Somerset","","PreK-12","443                           ","49                            ","11.060900                     ","394                           ","88.939000                     "
"2006","10371","11","5432","","03","Mid/Jr Hi Schools","N","Somerset","","PreK-12","415                           ","50                            ","12.048100                     ","365                           ","87.951800                     "
"2006","10371","11","5432","","03","Elem. Schools","N","Somerset","","PreK-12","630                           ","70                            ","11.111100                     ","560                           ","88.888800                     "
"2006","10371","11","5432","","03","El/Sec Combined Schls","N","Somerset","","PreK-12","0                             ","*                             ","*                             ","*                             ","*                             "
"2006","10365","11","5432","0020","04","Elem. Schools","N","Somerset","Somerset Elementary","PreK-12","630                           ","70                            ","11.111100                     ","560                           ","88.888800                     "
"2006","10366","11","5432","0040","04","High Schools","N","Somerset","Somerset High","PreK-12","443                           ","49                            ","11.060900                     ","394                           ","88.939000                     "
"2006","30737","11","5432","0060","04","Mid/Jr Hi Schools","N","Somerset","Somerset Middle","PreK-12","415                           ","50                            ","12.048100                     ","365                           ","87.951800                     "
"2006","16180","11","5474","","03","El/Sec Combined Schls","N","Spooner Area","","PreK-12","0                             ","*                             ","*                             ","*                             ","*                             "
"2006","16180","11","5474","","03","Elem. Schools","N","Spooner Area","","PreK-12","436                           ","88                            ","20.183400                     ","348                           ","79.816500                     "
"2006","16180","11","5474","","03","Mid/Jr Hi Schools","N","Spooner Area","","PreK-12","412                           ","51                            ","12.378600                     ","361                           ","87.621300                     "
"2006","16180","11","5474","","03","High Schools","N","Spooner Area","","PreK-12","557                           ","80                            ","14.362600                     ","477                           ","85.637300                     "
"2006","16173","11","5474","0040","04","Elem. Schools","N","Spooner Area","Spooner Elementary","PreK-12","436                           ","88                            ","20.183400                     ","348                           ","79.816500                     "
"2006","16174","11","5474","0080","04","High Schools","N","Spooner Area","Spooner High","PreK-12","557                           ","80                            ","14.362600                     ","477                           ","85.637300                     "
"2006","16175","11","5474","0100","04","Mid/Jr Hi Schools","N","Spooner Area","Spooner Middle","PreK-12","412                           ","51                            ","12.378600                     ","361                           ","87.621300                     "
"2006","16054","11","5586","","03","High Schools","N","Spring Valley","","PreK-12","242                           ","42                            ","17.355300                     ","200                           ","82.644600                     "
"2006","16054","11","5586","","03","Mid/Jr Hi Schools","N","Spring Valley","","PreK-12","118                           ","13                            ","11.016900                     ","105                           ","88.983000                     "
"2006","16054","11","5586","","03","Elem. Schools","N","Spring Valley","","PreK-12","362                           ","56                            ","15.469600                     ","306                           ","84.530300                     "
"2006","16054","11","5586","","03","El/Sec Combined Schls","N","Spring Valley","","PreK-12","0                             ","*                             ","*                             ","*                             ","*                             "
"2006","16046","11","5586","0060","04","Elem. Schools","N","Spring Valley","Spring Valley Elementary","PreK-12","362                           ","56                            ","15.469600                     ","306                           ","84.530300                     "
"2006","16047","11","5586","0070","04","Mid/Jr Hi Schools","N","Spring Valley","Spring Valley Middle","PreK-12","118                           ","13                            ","11.016900                     ","105                           ","88.983000                     "
"2006","16048","11","5586","0080","04","High Schools","N","Spring Valley","Spring Valley High","PreK-12","242                           ","42                            ","17.355300                     ","200                           ","82.644600                     "
"2006","17043","11","5810","","03","El/Sec Combined Schls","N","Turtle Lake","","PreK-12","0                             ","*                             ","*                             ","*                             ","*                             "
"2006","17043","11","5810","","03","Elem. Schools","N","Turtle Lake","","PreK-12","358                           ","55                            ","15.363100                     ","303                           ","84.636800                     "
"2006","17043","11","5810","","03","Mid/Jr Hi Schools","N","Turtle Lake","","PreK-12","0                             ","*                             ","*                             ","*                             ","*                             "
"2006","17043","11","5810","","03","High Schools","N","Turtle Lake","","PreK-12","169                           ","23                            ","13.609400                     ","146                           ","86.390500                     "
"2006","17039","11","5810","0020","04","Elem. Schools","N","Turtle Lake","Turtle Lake Elementary","PreK-12","358                           ","55                            ","15.363100                     ","303                           ","84.636800                     "
"2006","17040","11","5810","0040","04","High Schools","N","Turtle Lake","Turtle Lake High","PreK-12","169                           ","23                            ","13.609400                     ","146                           ","86.390500                     "
"2006","17092","11","6293","","03","El/Sec Combined Schls","N","Webster","","PreK-12","0                             ","*                             ","*                             ","*                             ","*                             "
"2006","17092","11","6293","","03","Elem. Schools","N","Webster","","PreK-12","257                           ","52                            ","20.233400                     ","205                           ","79.766500                     "
"2006","17092","11","6293","","03","Mid/Jr Hi Schools","N","Webster","","PreK-12","236                           ","46                            ","19.491500                     ","190                           ","80.508400                     "
"2006","17092","11","6293","","03","High Schools","N","Webster","","PreK-12","259                           ","45                            ","17.374500                     ","214                           ","82.625400                     "
"2006","17087","11","6293","0060","04","Elem. Schools","N","Webster","Webster Elementary","PreK-12","257                           ","52                            ","20.233400                     ","205                           ","79.766500                     "
"2006","17088","11","6293","0080","04","High Schools","N","Webster","Webster High","PreK-12","259                           ","45                            ","17.374500                     ","214                           ","82.625400                     "
"2006","17089","11","6293","0100","04","Mid/Jr Hi Schools","N","Webster","Webster Junior High","PreK-12","236                           ","46                            ","19.491500                     ","190                           ","80.508400                     "
