"year","agency_key","CESA","district_number","school_number","agency_type","school_type","charter","district_name","school_name","grade_label","race_ethnicity","gender","total_enrollment_prek-12","pre-k_number","pre-k_percent","kinder_number","kinder_percent","grade_1_number","grade_1_percent","grade_2_number","grade_2_percent","grade_3_number","grade_3_percent","grade_4_number","grade_4_percent","grade_5_number","grade_5_percent","grade_6_number","grade_6_percent","grade_7_number","grade_7_percent","grade_8_number","grade_8_percent","grade_9_number","grade_9_percent","grade_10_number","grade_10_percent","grade_11_number","grade_11_percent","grade_12_number","grade_12_percent"
"1998","10117","03","0161","","03","Summary   ","N","Argyle","","Grades PreK-12","All Races","Both Genders","378",34,"8.994700                      ",26,"6.878300                      ",38,"10.052900                     ",26,"6.878300                      ",22,"5.820100                      ",22,"5.820100                      ",21,"5.555500                      ",16,"4.232800                      ",25,"6.613700                      ",43,"11.375600                     ",32,"8.465600                      ",23,"6.084600                      ",29,"7.671900                      ",21,"5.555500                      "
"1998","14772","03","0161","0020","04","Elem      ","N","Argyle","Argyle El","Grades PreK-12","All Races","Both Genders","205",34,"16.585300                     ",26,"12.682900                     ",38,"18.536500                     ",26,"12.682900                     ",22,"10.731700                     ",22,"10.731700                     ",21,"10.243900                     ",16,"7.804800                      ",0,"0.000000                      ",0,"0.000000                      ",0,"0.000000                      ",0,"0.000000                      ",0,"0.000000                      ",0,"0.000000                      "
"1998","14773","03","0161","0040","04","High      ","N","Argyle","Argyle Hi","Grades PreK-12","All Races","Both Genders","173",0,"0.000000                      ",0,"0.000000                      ",0,"0.000000                      ",0,"0.000000                      ",0,"0.000000                      ",0,"0.000000                      ",0,"0.000000                      ",0,"0.000000                      ",25,"14.450800                     ",43,"24.855400                     ",32,"18.497100                     ",23,"13.294700                     ",29,"16.763000                     ",21,"12.138700                     "
"1998","10118","03","0287","","03","Summary   ","N","Barneveld","","Grades PreK-12","All Races","Both Genders","414",0,"0.000000                      ",38,"9.178700                      ",38,"9.178700                      ",25,"6.038600                      ",29,"7.004800                      ",27,"6.521700                      ",31,"7.487900                      ",33,"7.971000                      ",35,"8.454100                      ",31,"7.487900                      ",34,"8.212500                      ",33,"7.971000                      ",35,"8.454100                      ",25,"6.038600                      "
"1998","14774","03","0287","0020","04","Elem      ","N","Barneveld","Barneveld El","Grades PreK-12","All Races","Both Genders","157",0,"0.000000                      ",38,"24.203800                     ",38,"24.203800                     ",25,"15.923500                     ",29,"18.471300                     ",27,"17.197400                     ",0,"0.000000                      ",0,"0.000000                      ",0,"0.000000                      ",0,"0.000000                      ",0,"0.000000                      ",0,"0.000000                      ",0,"0.000000                      ",0,"0.000000                      "
"1998","14775","03","0287","0040","04","High      ","N","Barneveld","Barneveld Hi","Grades PreK-12","All Races","Both Genders","257",0,"0.000000                      ",0,"0.000000                      ",0,"0.000000                      ",0,"0.000000                      ",0,"0.000000                      ",0,"0.000000                      ",31,"12.062200                     ",33,"12.840400                     ",35,"13.618600                     ",31,"12.062200                     ",34,"13.229500                     ",33,"12.840400                     ",35,"13.618600                     ",25,"9.727600                      "
"1998","10120","03","0364","","03","Summary   ","N","Belmont Community","","Grades PreK-12","All Races","Both Genders","410",0,"0.000000                      ",28,"6.829200                      ",27,"6.585300                      ",31,"7.560900                      ",32,"7.804800                      ",24,"5.853600                      ",34,"8.292600                      ",33,"8.048700                      ",31,"7.560900                      ",40,"9.756000                      ",33,"8.048700                      ",39,"9.512100                      ",34,"8.292600                      ",24,"5.853600                      "
"1998","14779","03","0364","0020","04","Elem      ","N","Belmont Community","Belmont El","Grades PreK-12","All Races","Both Genders","209",0,"0.000000                      ",28,"13.397100                     ",27,"12.918600                     ",31,"14.832500                     ",32,"15.311000                     ",24,"11.483200                     ",34,"16.267900                     ",33,"15.789400                     ",0,"0.000000                      ",0,"0.000000                      ",0,"0.000000                      ",0,"0.000000                      ",0,"0.000000                      ",0,"0.000000                      "
"1998","14780","03","0364","0040","04","High      ","N","Belmont Community","Belmont Hi","Grades PreK-12","All Races","Both Genders","201",0,"0.000000                      ",0,"0.000000                      ",0,"0.000000                      ",0,"0.000000                      ",0,"0.000000                      ",0,"0.000000                      ",0,"0.000000                      ",0,"0.000000                      ",31,"15.422800                     ",40,"19.900400                     ",33,"16.417900                     ",39,"19.402900                     ",34,"16.915400                     ",24,"11.940200                     "
"1998","10166","03","0427","","03","Summary   ","N","Benton","","Grades PreK-12","All Races","Both Genders","331",27,"8.157000                      ",21,"6.344400                      ",22,"6.646500                      ",18,"5.438000                      ",20,"6.042200                      ",20,"6.042200                      ",23,"6.948600                      ",26,"7.854900                      ",29,"8.761300                      ",22,"6.646500                      ",20,"6.042200                      ",25,"7.552800                      ",27,"8.157000                      ",31,"9.365500                      "
"1998","14502","03","0427","0020","04","Elem      ","N","Benton","Benton El","Grades PreK-12","All Races","Both Genders","177",27,"15.254200                     ",21,"11.864400                     ",22,"12.429300                     ",18,"10.169400                     ",20,"11.299400                     ",20,"11.299400                     ",23,"12.994300                     ",26,"14.689200                     ",0,"0.000000                      ",0,"0.000000                      ",0,"0.000000                      ",0,"0.000000                      ",0,"0.000000                      ",0,"0.000000                      "
"1998","14503","03","0427","0040","04","High      ","N","Benton","Benton Hi","Grades PreK-12","All Races","Both Genders","154",0,"0.000000                      ",0,"0.000000                      ",0,"0.000000                      ",0,"0.000000                      ",0,"0.000000                      ",0,"0.000000                      ",0,"0.000000                      ",0,"0.000000                      ",29,"18.831100                     ",22,"14.285700                     ",20,"12.987000                     ",25,"16.233700                     ",27,"17.532400                     ",31,"20.129800                     "
"1998","10123","03","0490","","03","Summary   ","N","Pecatonica Area","","Grades PreK-12","All Races","Both Genders","561",7,"1.247700                      ",24,"4.278000                      ",39,"6.951800                      ",37,"6.595300                      ",34,"6.060600                      ",52,"9.269100                      ",36,"6.417100                      ",58,"10.338600                     ",41,"7.308300                      ",44,"7.843100                      ",54,"9.625600                      ",50,"8.912600                      ",40,"7.130100                      ",45,"8.021300                      "
"1998","14702","03","0490","0020","04","Elem      ","N","Pecatonica Area","Pecatonica El","Grades PreK-12","All Races","Both Genders","287",7,"2.439000                      ",24,"8.362300                      ",39,"13.588800                     ",37,"12.891900                     ",34,"11.846600                     ",52,"18.118400                     ",36,"12.543500                     ",58,"20.209000                     ",0,"0.000000                      ",0,"0.000000                      ",0,"0.000000                      ",0,"0.000000                      ",0,"0.000000                      ",0,"0.000000                      "
"1998","14766","03","0490","0040","04","High      ","N","Pecatonica Area","Pecatonica Hi","Grades PreK-12","All Races","Both Genders","274",0,"0.000000                      ",0,"0.000000                      ",0,"0.000000                      ",0,"0.000000                      ",0,"0.000000                      ",0,"0.000000                      ",0,"0.000000                      ",0,"0.000000                      ",41,"14.963500                     ",44,"16.058300                     ",54,"19.708000                     ",50,"18.248100                     ",40,"14.598500                     ",45,"16.423300                     "
"1998","10167","03","0609","","03","Summary   ","N","Boscobel Area","","Grades PreK-12","All Races","Both Genders","1054",13,"1.233300                      ",75,"7.115700                      ",77,"7.305500                      ",79,"7.495200                      ",84,"7.969600                      ",79,"7.495200                      ",79,"7.495200                      ",86,"8.159300                      ",98,"9.297900                      ",79,"7.495200                      ",74,"7.020800                      ",87,"8.254200                      ",72,"6.831100                      ",72,"6.831100                      "
"1998","14505","03","0609","0020","04","Elem      ","N","Boscobel Area","Boscobel El","Grades PreK-12","All Races","Both Genders","572",13,"2.272700                      ",75,"13.111800                     ",77,"13.461500                     ",79,"13.811100                     ",84,"14.685300                     ",79,"13.811100                     ",79,"13.811100                     ",86,"15.034900                     ",0,"0.000000                      ",0,"0.000000                      ",0,"0.000000                      ",0,"0.000000                      ",0,"0.000000                      ",0,"0.000000                      "
"1998","14506","03","0609","0040","04","High      ","N","Boscobel Area","Boscobel Hi","Grades PreK-12","All Races","Both Genders","305",0,"0.000000                      ",0,"0.000000                      ",0,"0.000000                      ",0,"0.000000                      ",0,"0.000000                      ",0,"0.000000                      ",0,"0.000000                      ",0,"0.000000                      ",0,"0.000000                      ",0,"0.000000                      ",74,"24.262200                     ",87,"28.524500                     ",72,"23.606500                     ",72,"23.606500                     "
"1998","14507","03","0609","0060","04","Mid/Jr Hi ","N","Boscobel Area","Boscobel Jr","Grades PreK-12","All Races","Both Genders","177",0,"0.000000                      ",0,"0.000000                      ",0,"0.000000                      ",0,"0.000000                      ",0,"0.000000                      ",0,"0.000000                      ",0,"0.000000                      ",0,"0.000000                      ",98,"55.367200                     ",79,"44.632700                     ",0,"0.000000                      ",0,"0.000000                      ",0,"0.000000                      ",0,"0.000000                      "
"1998","10168","03","0994","","03","Summary   ","N","Cassville","","Grades PreK-12","All Races","Both Genders","426",28,"6.572700                      ",37,"8.685400                      ",19,"4.460000                      ",28,"6.572700                      ",27,"6.338000                      ",33,"7.746400                      ",29,"6.807500                      ",28,"6.572700                      ",21,"4.929500                      ",23,"5.399000                      ",35,"8.215900                      ",33,"7.746400                      ",36,"8.450700                      ",49,"11.502300                     "
"1998","14508","03","0994","0020","04","Elem      ","N","Cassville","Cassville El","Grades PreK-12","All Races","Both Genders","229",28,"12.227000                     ",37,"16.157200                     ",19,"8.296900                      ",28,"12.227000                     ",27,"11.790300                     ",33,"14.410400                     ",29,"12.663700                     ",28,"12.227000                     ",0,"0.000000                      ",0,"0.000000                      ",0,"0.000000                      ",0,"0.000000                      ",0,"0.000000                      ",0,"0.000000                      "
"1998","14509","03","0994","0040","04","High      ","N","Cassville","Cassville Hi","Grades PreK-12","All Races","Both Genders","197",0,"0.000000                      ",0,"0.000000                      ",0,"0.000000                      ",0,"0.000000                      ",0,"0.000000                      ",0,"0.000000                      ",0,"0.000000                      ",0,"0.000000                      ",21,"10.659800                     ",23,"11.675100                     ",35,"17.766400                     ",33,"16.751200                     ",36,"18.274100                     ",49,"24.873000                     "
"1998","10169","03","1246","","03","Summary   ","N","Cuba City","","Grades PreK-12","All Races","Both Genders","857",53,"6.184300                      ",46,"5.367500                      ",43,"5.017500                      ",41,"4.784100                      ",56,"6.534400                      ",47,"5.484200                      ",54,"6.301000                      ",52,"6.067600                      ",50,"5.834300                      ",63,"7.351200                      ",95,"11.085100                     ",77,"8.984800                      ",79,"9.218200                      ",101,"11.785200                     "
"1998","14510","03","1246","0020","04","Elem      ","N","Cuba City","Cuba City El","Grades PreK-12","All Races","Both Genders","293",0,"0.000000                      ",0,"0.000000                      ",43,"14.675700                     ",41,"13.993100                     ",56,"19.112600                     ",47,"16.040900                     ",54,"18.430000                     ",52,"17.747400                     ",0,"0.000000                      ",0,"0.000000                      ",0,"0.000000                      ",0,"0.000000                      ",0,"0.000000                      ",0,"0.000000                      "
"1998","14511","03","1246","0030","04","Mid/Jr Hi ","N","Cuba City","Cuba City Jr","Grades PreK-12","All Races","Both Genders","113",0,"0.000000                      ",0,"0.000000                      ",0,"0.000000                      ",0,"0.000000                      ",0,"0.000000                      ",0,"0.000000                      ",0,"0.000000                      ",0,"0.000000                      ",50,"44.247700                     ",63,"55.752200                     ",0,"0.000000                      ",0,"0.000000                      ",0,"0.000000                      ",0,"0.000000                      "
"1998","17497","03","1246","0040","04","High      ","N","Cuba City","Cuba City Hi","Grades PreK-12","All Races","Both Genders","352",0,"0.000000                      ",0,"0.000000                      ",0,"0.000000                      ",0,"0.000000                      ",0,"0.000000                      ",0,"0.000000                      ",0,"0.000000                      ",0,"0.000000                      ",0,"0.000000                      ",0,"0.000000                      ",95,"26.988600                     ",77,"21.875000                     ",79,"22.443100                     ",101,"28.693100                     "
"1998","14512","03","1246","0060","04","Elem      ","N","Cuba City","Dickeyville El","Grades PreK-12","All Races","Both Genders","99",53,"53.535300                     ",46,"46.464600                     ",0,"0.000000                      ",0,"0.000000                      ",0,"0.000000                      ",0,"0.000000                      ",0,"0.000000                      ",0,"0.000000                      ",0,"0.000000                      ",0,"0.000000                      ",0,"0.000000                      ",0,"0.000000                      ",0,"0.000000                      ",0,"0.000000                      "
"1998","10125","03","1295","","03","Summary   ","N","Darlington Community","","Grades PreK-12","All Races","Both Genders","947",4,"0.422300                      ",44,"4.646200                      ",63,"6.652500                      ",46,"4.857400                      ",60,"6.335700                      ",56,"5.913400                      ",79,"8.342100                      ",70,"7.391700                      ",91,"9.609200                      ",84,"8.870100                      ",93,"9.820400                      ",86,"9.081300                      ",87,"9.186900                      ",84,"8.870100                      "
"1998","14748","03","1295","0040","04","High      ","N","Darlington Community","Darlington Hi","Grades PreK-12","All Races","Both Genders","350",0,"0.000000                      ",0,"0.000000                      ",0,"0.000000                      ",0,"0.000000                      ",0,"0.000000                      ",0,"0.000000                      ",0,"0.000000                      ",0,"0.000000                      ",0,"0.000000                      ",0,"0.000000                      ",93,"26.571400                     ",86,"24.571400                     ",87,"24.857100                     ",84,"24.000000                     "
"1998","17514","03","1295","0160","04","Elem      ","N","Darlington Community","Darlington El/Mid","Grades PreK-12","All Races","Both Genders","597",4,"0.670000                      ",44,"7.370100                      ",63,"10.552700                     ",46,"7.705100                      ",60,"10.050200                     ",56,"9.380200                      ",79,"13.232800                     ",70,"11.725200                     ",91,"15.242800                     ",84,"14.070300                     ",0,"0.000000                      ",0,"0.000000                      ",0,"0.000000                      ",0,"0.000000                      "
"1998","10128","03","1428","","03","Summary   ","N","Dodgeville","","Grades PreK-12","All Races","Both Genders","1294",30,"2.318300                      ",75,"5.795900                      ",100,"7.727900                      ",96,"7.418800                      ",94,"7.264200                      ",89,"6.877800                      ",102,"7.882500                      ",88,"6.800600                      ",96,"7.418800                      ",107,"8.268900                      ",109,"8.423400                      ",115,"8.887100                      ",105,"8.114300                      ",88,"6.800600                      "
"1998","14723","03","1428","0020","04","Elem      ","N","Dodgeville","Dodgeville El","Grades PreK-12","All Races","Both Genders","379",30,"7.915500                      ",62,"16.358800                     ",77,"20.316600                     ",72,"18.997300                     ",73,"19.261200                     ",65,"17.150300                     ",0,"0.000000                      ",0,"0.000000                      ",0,"0.000000                      ",0,"0.000000                      ",0,"0.000000                      ",0,"0.000000                      ",0,"0.000000                      ",0,"0.000000                      "
"1998","14724","03","1428","0040","04","High      ","N","Dodgeville","Dodgeville Hi","Grades PreK-12","All Races","Both Genders","417",0,"0.000000                      ",0,"0.000000                      ",0,"0.000000                      ",0,"0.000000                      ",0,"0.000000                      ",0,"0.000000                      ",0,"0.000000                      ",0,"0.000000                      ",0,"0.000000                      ",0,"0.000000                      ",109,"26.139000                     ",115,"27.577900                     ",105,"25.179800                     ",88,"21.103100                     "
"1998","14725","03","1428","0050","04","Mid/Jr Hi ","N","Dodgeville","Dodgeville Mid","Grades PreK-12","All Races","Both Genders","291",0,"0.000000                      ",0,"0.000000                      ",0,"0.000000                      ",0,"0.000000                      ",0,"0.000000                      ",0,"0.000000                      ",0,"0.000000                      ",88,"30.240500                     ",96,"32.989600                     ",107,"36.769700                     ",0,"0.000000                      ",0,"0.000000                      ",0,"0.000000                      ",0,"0.000000                      "
"1998","14608","03","1428","0060","04","Elem      ","N","Dodgeville","Ridgeway El","Grades PreK-12","All Races","Both Genders","207",0,"0.000000                      ",13,"6.280100                      ",23,"11.111100                     ",24,"11.594200                     ",21,"10.144900                     ",24,"11.594200                     ",102,"49.275300                     ",0,"0.000000                      ",0,"0.000000                      ",0,"0.000000                      ",0,"0.000000                      ",0,"0.000000                      ",0,"0.000000                      ",0,"0.000000                      "
"1998","10170","03","1813","","03","Summary   ","N","Fennimore Community","","Grades PreK-12","All Races","Both Genders","908",8,"0.881000                      ",42,"4.625500                      ",54,"5.947100                      ",73,"8.039600                      ",57,"6.277500                      ",64,"7.048400                      ",76,"8.370000                      ",52,"5.726800                      ",75,"8.259900                      ",77,"8.480100                      ",101,"11.123300                     ",75,"8.259900                      ",67,"7.378800                      ",87,"9.581400                      "
"1998","14513","03","1813","0020","04","Elem      ","N","Fennimore Community","Fennimore El","Grades PreK-12","All Races","Both Genders","501",8,"1.596800                      ",42,"8.383200                      ",54,"10.778400                     ",73,"14.570800                     ",57,"11.377200                     ",64,"12.774400                     ",76,"15.169600                     ",52,"10.379200                     ",75,"14.970000                     ",0,"0.000000                      ",0,"0.000000                      ",0,"0.000000                      ",0,"0.000000                      ",0,"0.000000                      "
"1998","14514","03","1813","0040","04","High      ","N","Fennimore Community","Fennimore Hi","Grades PreK-12","All Races","Both Genders","407",0,"0.000000                      ",0,"0.000000                      ",0,"0.000000                      ",0,"0.000000                      ",0,"0.000000                      ",0,"0.000000                      ",0,"0.000000                      ",0,"0.000000                      ",0,"0.000000                      ",77,"18.918900                     ",101,"24.815700                     ",75,"18.427500                     ",67,"16.461900                     ",87,"21.375900                     "
"1998","10317","03","2016","","03","Summary   ","N","North Crawford","","Grades PreK-12","All Races","Both Genders","716",21,"2.932900                      ",32,"4.469200                      ",35,"4.888200                      ",37,"5.167500                      ",40,"5.586500                      ",52,"7.262500                      ",45,"6.284900                      ",61,"8.519500                      ",68,"9.497200                      ",66,"9.217800                      ",70,"9.776500                      ",55,"7.681500                      ",66,"9.217800                      ",68,"9.497200                      "
"1998","13455","03","2016","0110","04","Elem      ","N","North Crawford","North Crawford El","Grades PreK-12","All Races","Both Genders","322",21,"6.521700                      ",32,"9.937800                      ",35,"10.869500                     ",37,"11.490600                     ",40,"12.422300                     ",51,"15.838500                     ",45,"13.975100                     ",61,"18.944000                     ",0,"0.000000                      ",0,"0.000000                      ",0,"0.000000                      ",0,"0.000000                      ",0,"0.000000                      ",0,"0.000000                      "
"1998","13877","03","2016","0120","04","High      ","N","North Crawford","North Crawford Hi","Grades PreK-12","All Races","Both Genders","371",0,"0.000000                      ",0,"0.000000                      ",0,"0.000000                      ",0,"0.000000                      ",0,"0.000000                      ",0,"0.000000                      ",0,"0.000000                      ",0,"0.000000                      ",68,"18.328800                     ",66,"17.789700                     ",55,"14.824700                     ",49,"13.207500                     ",65,"17.520200                     ",68,"18.328800                     "
"1998","17640","03","2016","0400","04","High      ","Y","North Crawford","Kickapoo River Institute","Grades PreK-12","All Races","Both Genders","23",0,"0.000000                      ",0,"0.000000                      ",0,"0.000000                      ",0,"0.000000                      ",0,"0.000000                      ",1,"4.347800                      ",0,"0.000000                      ",0,"0.000000                      ",0,"0.000000                      ",0,"0.000000                      ",15,"65.217300                     ",6,"26.086900                     ",1,"4.347800                      ",0,"0.000000                      "
"1998","10157","03","2240","","03","Summary   ","N","Black Hawk","","Grades PreK-12","All Races","Both Genders","661",13,"1.966700                      ",33,"4.992400                      ",33,"4.992400                      ",53,"8.018100                      ",55,"8.320700                      ",55,"8.320700                      ",51,"7.715500                      ",46,"6.959100                      ",64,"9.682200                      ",41,"6.202700                      ",54,"8.169400                      ",58,"8.774500                      ",54,"8.169400                      ",51,"7.715500                      "
"1998","14616","03","2240","0020","04","High      ","N","Black Hawk","Black Hawk Hi","Grades PreK-12","All Races","Both Genders","217",0,"0.000000                      ",0,"0.000000                      ",0,"0.000000                      ",0,"0.000000                      ",0,"0.000000                      ",0,"0.000000                      ",0,"0.000000                      ",0,"0.000000                      ",0,"0.000000                      ",0,"0.000000                      ",54,"24.884700                     ",58,"26.728100                     ",54,"24.884700                     ",51,"23.502300                     "
"1998","14699","03","2240","0040","04","Mid/Jr Hi ","N","Black Hawk","Black Hawk Mid","Grades PreK-12","All Races","Both Genders","202",0,"0.000000                      ",0,"0.000000                      ",0,"0.000000                      ",0,"0.000000                      ",0,"0.000000                      ",0,"0.000000                      ",51,"25.247500                     ",46,"22.772200                     ",64,"31.683100                     ",41,"20.297000                     ",0,"0.000000                      ",0,"0.000000                      ",0,"0.000000                      ",0,"0.000000                      "
"1998","14617","03","2240","0160","04","Elem      ","N","Black Hawk","Black Hawk El","Grades PreK-12","All Races","Both Genders","242",13,"5.371900                      ",33,"13.636300                     ",33,"13.636300                     ",53,"21.900800                     ",55,"22.727200                     ",55,"22.727200                     ",0,"0.000000                      ",0,"0.000000                      ",0,"0.000000                      ",0,"0.000000                      ",0,"0.000000                      ",0,"0.000000                      ",0,"0.000000                      ",0,"0.000000                      "
"1998","10171","03","2485","","03","Summary   ","N","Southwestern Wisconsin","","Grades PreK-12","All Races","Both Genders","654",33,"5.045800                      ",54,"8.256800                      ",42,"6.422000                      ",38,"5.810300                      ",41,"6.269100                      ",38,"5.810300                      ",45,"6.880700                      ",42,"6.422000                      ",46,"7.033600                      ",37,"5.657400                      ",55,"8.409700                      ",60,"9.174300                      ",68,"10.397500                     ",55,"8.409700                      "
"1998","14515","03","2485","0040","04","Elem      ","N","Southwestern Wisconsin","Southwestern Wisconsin El","Grades PreK-12","All Races","Both Genders","416",33,"7.932600                      ",54,"12.980700                     ",42,"10.096100                     ",38,"9.134600                      ",41,"9.855700                      ",38,"9.134600                      ",45,"10.817300                     ",42,"10.096100                     ",46,"11.057600                     ",37,"8.894200                      ",0,"0.000000                      ",0,"0.000000                      ",0,"0.000000                      ",0,"0.000000                      "
"1998","14516","03","2485","0060","04","High      ","N","Southwestern Wisconsin","Southwestern Wisconsin Hi","Grades PreK-12","All Races","Both Genders","238",0,"0.000000                      ",0,"0.000000                      ",0,"0.000000                      ",0,"0.000000                      ",0,"0.000000                      ",0,"0.000000                      ",0,"0.000000                      ",0,"0.000000                      ",0,"0.000000                      ",0,"0.000000                      ",55,"23.109200                     ",60,"25.210000                     ",68,"28.571400                     ",55,"23.109200                     "
"1998","10132","03","2527","","03","Summary   ","N","Highland","","Grades PreK-12","All Races","Both Genders","402",23,"5.721300                      ",22,"5.472600                      ",25,"6.218900                      ",23,"5.721300                      ",31,"7.711400                      ",28,"6.965100                      ",23,"5.721300                      ",29,"7.213900                      ",23,"5.721300                      ",41,"10.199000                     ",39,"9.701400                      ",27,"6.716400                      ",33,"8.208900                      ",35,"8.706400                      "
"1998","14700","03","2527","0020","04","Elem      ","N","Highland","Highland El","Grades PreK-12","All Races","Both Genders","175",23,"13.142800                     ",22,"12.571400                     ",25,"14.285700                     ",23,"13.142800                     ",31,"17.714200                     ",28,"16.000000                     ",23,"13.142800                     ",0,"0.000000                      ",0,"0.000000                      ",0,"0.000000                      ",0,"0.000000                      ",0,"0.000000                      ",0,"0.000000                      ",0,"0.000000                      "
"1998","14701","03","2527","0040","04","High      ","N","Highland","Highland Hi","Grades PreK-12","All Races","Both Genders","227",0,"0.000000                      ",0,"0.000000                      ",0,"0.000000                      ",0,"0.000000                      ",0,"0.000000                      ",0,"0.000000                      ",0,"0.000000                      ",29,"12.775300                     ",23,"10.132100                     ",41,"18.061600                     ",39,"17.180600                     ",27,"11.894200                     ",33,"14.537400                     ",35,"15.418500                     "
"1998","10137","03","2646","","03","Summary   ","N","Iowa-Grant","","Grades PreK-12","All Races","Both Genders","1031",27,"2.618800                      ",67,"6.498500                      ",84,"8.147400                      ",75,"7.274400                      ",86,"8.341400                      ",71,"6.886500                      ",89,"8.632300                      ",73,"7.080500                      ",72,"6.983500                      ",87,"8.438400                      ",84,"8.147400                      ",71,"6.886500                      ",66,"6.401500                      ",79,"7.662400                      "
"1998","14688","03","2646","0020","04","Elem      ","N","Iowa-Grant","Iowa-Grant El/Mid","Grades PreK-12","All Races","Both Genders","731",27,"3.693500                      ",67,"9.165500                      ",84,"11.491100                     ",75,"10.259900                     ",86,"11.764700                     ",71,"9.712700                      ",89,"12.175100                     ",73,"9.986300                      ",72,"9.849500                      ",87,"11.901500                     ",0,"0.000000                      ",0,"0.000000                      ",0,"0.000000                      ",0,"0.000000                      "
"1998","14689","03","2646","0040","04","High      ","N","Iowa-Grant","Iowa-Grant Hi","Grades PreK-12","All Races","Both Genders","300",0,"0.000000                      ",0,"0.000000                      ",0,"0.000000                      ",0,"0.000000                      ",0,"0.000000                      ",0,"0.000000                      ",0,"0.000000                      ",0,"0.000000                      ",0,"0.000000                      ",0,"0.000000                      ",84,"28.000000                     ",71,"23.666600                     ",66,"22.000000                     ",79,"26.333300                     "
"1998","10152","03","2660","","03","Summary   ","N","Ithaca","","Grades PreK-12","All Races","Both Genders","370",0,"0.000000                      ",27,"7.297200                      ",29,"7.837800                      ",27,"7.297200                      ",25,"6.756700                      ",27,"7.297200                      ",30,"8.108100                      ",29,"7.837800                      ",32,"8.648600                      ",23,"6.216200                      ",31,"8.378300                      ",31,"8.378300                      ",36,"9.729700                      ",23,"6.216200                      "
"1998","14635","03","2660","0040","04","Elem      ","N","Ithaca","Ithaca El","Grades PreK-12","All Races","Both Genders","165",0,"0.000000                      ",27,"16.363600                     ",29,"17.575700                     ",27,"16.363600                     ",25,"15.151500                     ",27,"16.363600                     ",30,"18.181800                     ",0,"0.000000                      ",0,"0.000000                      ",0,"0.000000                      ",0,"0.000000                      ",0,"0.000000                      ",0,"0.000000                      ",0,"0.000000                      "
"1998","14619","03","2660","0060","04","High      ","N","Ithaca","Ithaca Hi","Grades PreK-12","All Races","Both Genders","121",0,"0.000000                      ",0,"0.000000                      ",0,"0.000000                      ",0,"0.000000                      ",0,"0.000000                      ",0,"0.000000                      ",0,"0.000000                      ",0,"0.000000                      ",0,"0.000000                      ",0,"0.000000                      ",31,"25.619800                     ",31,"25.619800                     ",36,"29.752000                     ",23,"19.008200                     "
"1998","14600","03","2660","0080","04","Mid/Jr Hi ","N","Ithaca","Ithaca Middle","Grades PreK-12","All Races","Both Genders","84",0,"0.000000                      ",0,"0.000000                      ",0,"0.000000                      ",0,"0.000000                      ",0,"0.000000                      ",0,"0.000000                      ",0,"0.000000                      ",29,"34.523800                     ",32,"38.095200                     ",23,"27.380900                     ",0,"0.000000                      ",0,"0.000000                      ",0,"0.000000                      ",0,"0.000000                      "
"1998","10172","03","2912","","03","Summary   ","N","Lancaster Community","","Grades PreK-12","All Races","Both Genders","1252",17,"1.357800                      ",91,"7.268300                      ",78,"6.230000                      ",80,"6.389700                      ",76,"6.070200                      ",96,"7.667700                      ",83,"6.629300                      ",93,"7.428100                      ",104,"8.306700                      ",109,"8.706000                      ",95,"7.587800                      ",110,"8.785900                      ",112,"8.945600                      ",108,"8.626100                      "
"1998","14517","03","2912","0020","04","High      ","N","Lancaster Community","Lancaster Hi","Grades PreK-12","All Races","Both Genders","425",0,"0.000000                      ",0,"0.000000                      ",0,"0.000000                      ",0,"0.000000                      ",0,"0.000000                      ",0,"0.000000                      ",0,"0.000000                      ",0,"0.000000                      ",0,"0.000000                      ",0,"0.000000                      ",95,"22.352900                     ",110,"25.882300                     ",112,"26.352900                     ",108,"25.411700                     "
"1998","14518","03","2912","0040","04","Mid/Jr Hi ","N","Lancaster Community","Lancaster Mid","Grades PreK-12","All Races","Both Genders","389",0,"0.000000                      ",0,"0.000000                      ",0,"0.000000                      ",0,"0.000000                      ",0,"0.000000                      ",0,"0.000000                      ",83,"21.336700                     ",93,"23.907400                     ",104,"26.735200                     ",109,"28.020500                     ",0,"0.000000                      ",0,"0.000000                      ",0,"0.000000                      ",0,"0.000000                      "
"1998","14501","03","2912","0060","04","Elem      ","N","Lancaster Community","Winskill El","Grades PreK-12","All Races","Both Genders","438",17,"3.881200                      ",91,"20.776200                     ",78,"17.808200                     ",80,"18.264800                     ",76,"17.351500                     ",96,"21.917800                     ",0,"0.000000                      ",0,"0.000000                      ",0,"0.000000                      ",0,"0.000000                      ",0,"0.000000                      ",0,"0.000000                      ",0,"0.000000                      ",0,"0.000000                      "
"1998","10144","03","3633","","03","Summary   ","N","Mineral Point","","Grades PreK-12","All Races","Both Genders","814",23,"2.825500                      ",60,"7.371000                      ",68,"8.353800                      ",56,"6.879600                      ",73,"8.968000                      ",52,"6.388200                      ",62,"7.616700                      ",52,"6.388200                      ",77,"9.459400                      ",53,"6.511000                      ",57,"7.002400                      ",56,"6.879600                      ",59,"7.248100                      ",66,"8.108100                      "
"1998","14639","03","3633","0060","04","Elem      ","N","Mineral Point","Mineral Point El","Grades PreK-12","All Races","Both Genders","394",23,"5.837500                      ",60,"15.228400                     ",68,"17.258800                     ",56,"14.213100                     ",73,"18.527900                     ",52,"13.197900                     ",62,"15.736000                     ",0,"0.000000                      ",0,"0.000000                      ",0,"0.000000                      ",0,"0.000000                      ",0,"0.000000                      ",0,"0.000000                      ",0,"0.000000                      "
"1998","14640","03","3633","0080","04","High      ","N","Mineral Point","Mineral Point Hi","Grades PreK-12","All Races","Both Genders","238",0,"0.000000                      ",0,"0.000000                      ",0,"0.000000                      ",0,"0.000000                      ",0,"0.000000                      ",0,"0.000000                      ",0,"0.000000                      ",0,"0.000000                      ",0,"0.000000                      ",0,"0.000000                      ",57,"23.949500                     ",56,"23.529400                     ",59,"24.789900                     ",66,"27.731000                     "
"1998","14641","03","3633","0090","04","Mid/Jr Hi ","N","Mineral Point","Mineral Point Mid","Grades PreK-12","All Races","Both Genders","182",0,"0.000000                      ",0,"0.000000                      ",0,"0.000000                      ",0,"0.000000                      ",0,"0.000000                      ",0,"0.000000                      ",0,"0.000000                      ",52,"28.571400                     ",77,"42.307600                     ",53,"29.120800                     ",0,"0.000000                      ",0,"0.000000                      ",0,"0.000000                      ",0,"0.000000                      "
"1998","10148","03","3850","","03","Summary   ","N","Riverdale","","Grades PreK-12","All Races","Both Genders","1015",14,"1.379300                      ",59,"5.812800                      ",75,"7.389100                      ",74,"7.290600                      ",72,"7.093500                      ",76,"7.487600                      ",87,"8.571400                      ",79,"7.783200                      ",78,"7.684700                      ",76,"7.487600                      ",95,"9.359600                      ",75,"7.389100                      ",79,"7.783200                      ",76,"7.487600                      "
"1998","14620","03","3850","0120","04","High      ","N","Riverdale","Riverdale Hi","Grades PreK-12","All Races","Both Genders","325",0,"0.000000                      ",0,"0.000000                      ",0,"0.000000                      ",0,"0.000000                      ",0,"0.000000                      ",0,"0.000000                      ",0,"0.000000                      ",0,"0.000000                      ",0,"0.000000                      ",0,"0.000000                      ",95,"29.230700                     ",75,"23.076900                     ",79,"24.307600                     ",76,"23.384600                     "
"1998","17420","03","3850","0150","04","Elem      ","N","Riverdale","Riverdale El","Grades PreK-12","All Races","Both Genders","457",14,"3.063400                      ",59,"12.910200                     ",75,"16.411300                     ",74,"16.192500                     ",72,"15.754900                     ",76,"16.630100                     ",87,"19.037100                     ",0,"0.000000                      ",0,"0.000000                      ",0,"0.000000                      ",0,"0.000000                      ",0,"0.000000                      ",0,"0.000000                      ",0,"0.000000                      "
"1998","17421","03","3850","0160","04","Mid/Jr Hi ","N","Riverdale","Riverdale Mid","Grades PreK-12","All Races","Both Genders","233",0,"0.000000                      ",0,"0.000000                      ",0,"0.000000                      ",0,"0.000000                      ",0,"0.000000                      ",0,"0.000000                      ",0,"0.000000                      ",79,"33.905500                     ",78,"33.476300                     ",76,"32.618000                     ",0,"0.000000                      ",0,"0.000000                      ",0,"0.000000                      ",0,"0.000000                      "
"1998","10173","03","4389","","03","Summary   ","N","Platteville","","Grades PreK-12","All Races","Both Genders","1820",25,"1.373600                      ",125,"6.868100                      ",110,"6.043900                      ",118,"6.483500                      ",116,"6.373600                      ",120,"6.593400                      ",128,"7.032900                      ",134,"7.362600                      ",146,"8.021900                      ",154,"8.461500                      ",161,"8.846100                      ",157,"8.626300                      ",169,"9.285700                      ",157,"8.626300                      "
"1998","14485","03","4389","0020","04","Elem      ","N","Platteville","Wilkins El","Grades PreK-12","All Races","Both Genders","216",25,"11.574000                     ",39,"18.055500                     ",38,"17.592500                     ",47,"21.759200                     ",25,"11.574000                     ",42,"19.444400                     ",0,"0.000000                      ",0,"0.000000                      ",0,"0.000000                      ",0,"0.000000                      ",0,"0.000000                      ",0,"0.000000                      ",0,"0.000000                      ",0,"0.000000                      "
"1998","14486","03","4389","0040","04","Elem      ","N","Platteville","Gray El","Grades PreK-12","All Races","Both Genders","208",0,"0.000000                      ",42,"20.192300                     ",33,"15.865300                     ",47,"22.596100                     ",47,"22.596100                     ",39,"18.750000                     ",0,"0.000000                      ",0,"0.000000                      ",0,"0.000000                      ",0,"0.000000                      ",0,"0.000000                      ",0,"0.000000                      ",0,"0.000000                      ",0,"0.000000                      "
"1998","14487","03","4389","0060","04","High      ","N","Platteville","Platteville Hi","Grades PreK-12","All Races","Both Genders","644",0,"0.000000                      ",0,"0.000000                      ",0,"0.000000                      ",0,"0.000000                      ",0,"0.000000                      ",0,"0.000000                      ",0,"0.000000                      ",0,"0.000000                      ",0,"0.000000                      ",0,"0.000000                      ",161,"25.000000                     ",157,"24.378800                     ",169,"26.242200                     ",157,"24.378800                     "
"1998","14488","03","4389","0080","04","Mid/Jr Hi ","N","Platteville","Platteville Mid","Grades PreK-12","All Races","Both Genders","562",0,"0.000000                      ",0,"0.000000                      ",0,"0.000000                      ",0,"0.000000                      ",0,"0.000000                      ",0,"0.000000                      ",128,"22.775800                     ",134,"23.843400                     ",146,"25.978600                     ",154,"27.402100                     ",0,"0.000000                      ",0,"0.000000                      ",0,"0.000000                      ",0,"0.000000                      "
"1998","14489","03","4389","0120","04","Elem      ","N","Platteville","Westview El","Grades PreK-12","All Races","Both Genders","190",0,"0.000000                      ",44,"23.157800                     ",39,"20.526300                     ",24,"12.631500                     ",44,"23.157800                     ",39,"20.526300                     ",0,"0.000000                      ",0,"0.000000                      ",0,"0.000000                      ",0,"0.000000                      ",0,"0.000000                      ",0,"0.000000                      ",0,"0.000000                      ",0,"0.000000                      "
"1998","10174","03","4529","","03","Summary   ","N","Potosi","","Grades PreK-12","All Races","Both Genders","422",8,"1.895700                      ",39,"9.241700                      ",33,"7.819900                      ",28,"6.635000                      ",24,"5.687200                      ",35,"8.293800                      ",30,"7.109000                      ",25,"5.924100                      ",33,"7.819900                      ",21,"4.976300                      ",38,"9.004700                      ",37,"8.767700                      ",35,"8.293800                      ",36,"8.530800                      "
"1998","14490","03","4529","0020","04","Elem      ","N","Potosi","Potosi El","Grades PreK-12","All Races","Both Genders","197",8,"4.060900                      ",39,"19.796900                     ",33,"16.751200                     ",28,"14.213100                     ",24,"12.182700                     ",35,"17.766400                     ",30,"15.228400                     ",0,"0.000000                      ",0,"0.000000                      ",0,"0.000000                      ",0,"0.000000                      ",0,"0.000000                      ",0,"0.000000                      ",0,"0.000000                      "
"1998","14491","03","4529","0040","04","High      ","N","Potosi","Potosi Hi","Grades PreK-12","All Races","Both Genders","225",0,"0.000000                      ",0,"0.000000                      ",0,"0.000000                      ",0,"0.000000                      ",0,"0.000000                      ",0,"0.000000                      ",0,"0.000000                      ",25,"11.111100                     ",33,"14.666600                     ",21,"9.333300                      ",38,"16.888800                     ",37,"16.444400                     ",35,"15.555500                     ",36,"16.000000                     "
"1998","10175","03","4543","","03","Summary   ","N","Prairie du Chien Area","","Grades PreK-12","All Races","Both Genders","1296",54,"4.166600                      ",77,"5.941300                      ",65,"5.015400                      ",88,"6.790100                      ",79,"6.095600                      ",79,"6.095600                      ",73,"5.632700                      ",77,"5.941300                      ",96,"7.407400                      ",92,"7.098700                      ",128,"9.876500                      ",140,"10.802400                     ",130,"10.030800                     ",118,"9.104900                      "
"1998","14492","03","4543","0010","04","Elem      ","N","Prairie du Chien Area","Kennedy El","Grades PreK-12","All Races","Both Genders","475",54,"11.368400                     ",66,"13.894700                     ",58,"12.210500                     ",85,"17.894700                     ",72,"15.157800                     ",73,"15.368400                     ",67,"14.105200                     ",0,"0.000000                      ",0,"0.000000                      ",0,"0.000000                      ",0,"0.000000                      ",0,"0.000000                      ",0,"0.000000                      ",0,"0.000000                      "
"1998","13909","03","4543","0020","04","Elem      ","N","Prairie du Chien Area","Eastman El","Grades PreK-12","All Races","Both Genders","40",0,"0.000000                      ",11,"27.500000                     ",7,"17.500000                     ",3,"7.500000                      ",7,"17.500000                     ",6,"15.000000                     ",6,"15.000000                     ",0,"0.000000                      ",0,"0.000000                      ",0,"0.000000                      ",0,"0.000000                      ",0,"0.000000                      ",0,"0.000000                      ",0,"0.000000                      "
"1998","14493","03","4543","0040","04","Mid/Jr Hi ","N","Prairie du Chien Area","Prairie du Chien Mid","Grades PreK-12","All Races","Both Genders","265",0,"0.000000                      ",0,"0.000000                      ",0,"0.000000                      ",0,"0.000000                      ",0,"0.000000                      ",0,"0.000000                      ",0,"0.000000                      ",77,"29.056600                     ",96,"36.226400                     ",92,"34.716900                     ",0,"0.000000                      ",0,"0.000000                      ",0,"0.000000                      ",0,"0.000000                      "
"1998","14494","03","4543","0060","04","High      ","N","Prairie du Chien Area","Prairie du Chien Hi","Grades PreK-12","All Races","Both Genders","516",0,"0.000000                      ",0,"0.000000                      ",0,"0.000000                      ",0,"0.000000                      ",0,"0.000000                      ",0,"0.000000                      ",0,"0.000000                      ",0,"0.000000                      ",0,"0.000000                      ",0,"0.000000                      ",128,"24.806200                     ",140,"27.131700                     ",130,"25.193700                     ",118,"22.868200                     "
"1998","10153","03","4851","","03","Summary   ","N","Richland","","Grades PreK-12","All Races","Both Genders","1817",57,"3.137000                      ",141,"7.760000                      ",119,"6.549200                      ",116,"6.384100                      ",117,"6.439100                      ",111,"6.108900                      ",125,"6.879400                      ",118,"6.494200                      ",143,"7.870100                      ",143,"7.870100                      ",153,"8.420400                      ",180,"9.906400                      ",146,"8.035200                      ",148,"8.145200                      "
"1998","14734","03","4851","0020","04","Elem      ","N","Richland","Akan Central El","Grades PreK-12","All Races","Both Genders","39",0,"0.000000                      ",13,"33.333300                     ",14,"35.897400                     ",12,"30.769200                     ",0,"0.000000                      ",0,"0.000000                      ",0,"0.000000                      ",0,"0.000000                      ",0,"0.000000                      ",0,"0.000000                      ",0,"0.000000                      ",0,"0.000000                      ",0,"0.000000                      ",0,"0.000000                      "
"1998","14601","03","4851","0030","04","Elem      ","N","Richland","Doudna El","Grades PreK-12","All Races","Both Genders","404",0,"0.000000                      ",67,"16.584100                     ",51,"12.623700                     ",50,"12.376200                     ",44,"10.891000                     ",59,"14.603900                     ",65,"16.089100                     ",68,"16.831600                     ",0,"0.000000                      ",0,"0.000000                      ",0,"0.000000                      ",0,"0.000000                      ",0,"0.000000                      ",0,"0.000000                      "
"1998","14602","03","4851","0240","04","Elem      ","N","Richland","Jefferson El","Grades PreK-12","All Races","Both Genders","184",30,"16.304300                     ",21,"11.413000                     ",24,"13.043400                     ",18,"9.782600                      ",23,"12.500000                     ",22,"11.956500                     ",20,"10.869500                     ",26,"14.130400                     ",0,"0.000000                      ",0,"0.000000                      ",0,"0.000000                      ",0,"0.000000                      ",0,"0.000000                      ",0,"0.000000                      "
"1998","14603","03","4851","0260","04","Elem      ","N","Richland","Lincoln El","Grades PreK-12","All Races","Both Genders","103",27,"26.213500                     ",20,"19.417400                     ",17,"16.504800                     ",18,"17.475700                     ",21,"20.388300                     ",0,"0.000000                      ",0,"0.000000                      ",0,"0.000000                      ",0,"0.000000                      ",0,"0.000000                      ",0,"0.000000                      ",0,"0.000000                      ",0,"0.000000                      ",0,"0.000000                      "
"1998","14604","03","4851","0280","04","Mid/Jr Hi ","N","Richland","Richland Mid","Grades PreK-12","All Races","Both Genders","288",0,"0.000000                      ",0,"0.000000                      ",0,"0.000000                      ",0,"0.000000                      ",0,"0.000000                      ",0,"0.000000                      ",0,"0.000000                      ",2,"0.694400                      ",143,"49.652700                     ",143,"49.652700                     ",0,"0.000000                      ",0,"0.000000                      ",0,"0.000000                      ",0,"0.000000                      "
"1998","14605","03","4851","0320","04","High      ","N","Richland","Richland Center Hi","Grades PreK-12","All Races","Both Genders","627",0,"0.000000                      ",0,"0.000000                      ",0,"0.000000                      ",0,"0.000000                      ",0,"0.000000                      ",0,"0.000000                      ",0,"0.000000                      ",0,"0.000000                      ",0,"0.000000                      ",0,"0.000000                      ",153,"24.401900                     ",180,"28.708100                     ",146,"23.285400                     ",148,"23.604400                     "
"1998","14606","03","4851","0360","04","Elem      ","N","Richland","Rockbridge El","Grades PreK-12","All Races","Both Genders","111",0,"0.000000                      ",20,"18.018000                     ",13,"11.711700                     ",18,"16.216200                     ",14,"12.612600                     ",19,"17.117100                     ",15,"13.513500                     ",12,"10.810800                     ",0,"0.000000                      ",0,"0.000000                      ",0,"0.000000                      ",0,"0.000000                      ",0,"0.000000                      ",0,"0.000000                      "
"1998","14607","03","4851","0420","04","Elem      ","N","Richland","Washington El","Grades PreK-12","All Races","Both Genders","61",0,"0.000000                      ",0,"0.000000                      ",0,"0.000000                      ",0,"0.000000                      ",15,"24.590100                     ",11,"18.032700                     ",25,"40.983600                     ",10,"16.393400                     ",0,"0.000000                      ",0,"0.000000                      ",0,"0.000000                      ",0,"0.000000                      ",0,"0.000000                      ",0,"0.000000                      "
"1998","10426","03","4904","","03","Summary   ","N","River Ridge","","Grades PreK-12","All Races","Both Genders","753",42,"5.577600                      ",46,"6.108800                      ",47,"6.241600                      ",46,"6.108800                      ",47,"6.241600                      ",48,"6.374500                      ",50,"6.640100                      ",58,"7.702500                      ",58,"7.702500                      ",64,"8.499300                      ",73,"9.694500                      ",65,"8.632100                      ",52,"6.905700                      ",57,"7.569700                      "
"1998","14483","03","4904","0020","04","Elem      ","N","River Ridge","River Ridge El","Grades PreK-12","All Races","Both Genders","276",42,"15.217300                     ",46,"16.666600                     ",47,"17.028900                     ",46,"16.666600                     ",47,"17.028900                     ",48,"17.391300                     ",0,"0.000000                      ",0,"0.000000                      ",0,"0.000000                      ",0,"0.000000                      ",0,"0.000000                      ",0,"0.000000                      ",0,"0.000000                      ",0,"0.000000                      "
"1998","14504","03","4904","0040","04","Mid/Jr Hi ","N","River Ridge","River Ridge Mid","Grades PreK-12","All Races","Both Genders","230",0,"0.000000                      ",0,"0.000000                      ",0,"0.000000                      ",0,"0.000000                      ",0,"0.000000                      ",0,"0.000000                      ",50,"21.739100                     ",58,"25.217300                     ",58,"25.217300                     ",64,"27.826000                     ",0,"0.000000                      ",0,"0.000000                      ",0,"0.000000                      ",0,"0.000000                      "
"1998","14484","03","4904","0080","04","High      ","N","River Ridge","River Ridge Hi","Grades PreK-12","All Races","Both Genders","247",0,"0.000000                      ",0,"0.000000                      ",0,"0.000000                      ",0,"0.000000                      ",0,"0.000000                      ",0,"0.000000                      ",0,"0.000000                      ",0,"0.000000                      ",0,"0.000000                      ",0,"0.000000                      ",73,"29.554600                     ",65,"26.315700                     ",52,"21.052600                     ",57,"23.076900                     "
"1998","10324","03","5124","","03","Summary   ","N","Seneca","","Grades PreK-12","All Races","Both Genders","438",18,"4.109500                      ",21,"4.794500                      ",28,"6.392600                      ",35,"7.990800                      ",27,"6.164300                      ",26,"5.936000                      ",38,"8.675700                      ",23,"5.251100                      ",38,"8.675700                      ",29,"6.621000                      ",40,"9.132400                      ",38,"8.675700                      ",44,"10.045600                     ",33,"7.534200                      "
"1998","17483","03","5124","0020","04","Elem      ","N","Seneca","Lynxville El","Grades PreK-12","All Races","Both Genders","35",0,"0.000000                      ",0,"0.000000                      ",0,"0.000000                      ",0,"0.000000                      ",9,"25.714200                     ",26,"74.285700                     ",0,"0.000000                      ",0,"0.000000                      ",0,"0.000000                      ",0,"0.000000                      ",0,"0.000000                      ",0,"0.000000                      ",0,"0.000000                      ",0,"0.000000                      "
"1998","13866","03","5124","0028","04","Mid/Jr Hi ","N","Seneca","Seneca Jr","Grades PreK-12","All Races","Both Genders","67",0,"0.000000                      ",0,"0.000000                      ",0,"0.000000                      ",0,"0.000000                      ",0,"0.000000                      ",0,"0.000000                      ",0,"0.000000                      ",0,"0.000000                      ",38,"56.716400                     ",29,"43.283500                     ",0,"0.000000                      ",0,"0.000000                      ",0,"0.000000                      ",0,"0.000000                      "
"1998","13456","03","5124","0060","04","Elem      ","N","Seneca","Seneca El","Grades PreK-12","All Races","Both Genders","120",18,"15.000000                     ",21,"17.500000                     ",28,"23.333300                     ",35,"29.166600                     ",18,"15.000000                     ",0,"0.000000                      ",0,"0.000000                      ",0,"0.000000                      ",0,"0.000000                      ",0,"0.000000                      ",0,"0.000000                      ",0,"0.000000                      ",0,"0.000000                      ",0,"0.000000                      "
"1998","13867","03","5124","0080","04","High      ","N","Seneca","Seneca Hi","Grades PreK-12","All Races","Both Genders","155",0,"0.000000                      ",0,"0.000000                      ",0,"0.000000                      ",0,"0.000000                      ",0,"0.000000                      ",0,"0.000000                      ",0,"0.000000                      ",0,"0.000000                      ",0,"0.000000                      ",0,"0.000000                      ",40,"25.806400                     ",38,"24.516100                     ",44,"28.387000                     ",33,"21.290300                     "
"1998","13868","03","5124","0100","04","Elem      ","N","Seneca","South El","Grades PreK-12","All Races","Both Genders","61",0,"0.000000                      ",0,"0.000000                      ",0,"0.000000                      ",0,"0.000000                      ",0,"0.000000                      ",0,"0.000000                      ",38,"62.295000                     ",23,"37.704900                     ",0,"0.000000                      ",0,"0.000000                      ",0,"0.000000                      ",0,"0.000000                      ",0,"0.000000                      ",0,"0.000000                      "
"1998","10156","03","5362","","03","Summary   ","N","Shullsburg","","Grades PreK-12","All Races","Both Genders","500",33,"6.600000                      ",34,"6.800000                      ",29,"5.800000                      ",27,"5.400000                      ",32,"6.400000                      ",30,"6.000000                      ",33,"6.600000                      ",36,"7.200000                      ",40,"8.000000                      ",34,"6.800000                      ",49,"9.800000                      ",40,"8.000000                      ",39,"7.800000                      ",44,"8.800000                      "
"1998","14613","03","5362","0028","04","Mid/Jr Hi ","N","Shullsburg","Shullsburg Jr","Grades PreK-12","All Races","Both Genders","110",0,"0.000000                      ",0,"0.000000                      ",0,"0.000000                      ",0,"0.000000                      ",0,"0.000000                      ",0,"0.000000                      ",0,"0.000000                      ",36,"32.727200                     ",40,"36.363600                     ",34,"30.909000                     ",0,"0.000000                      ",0,"0.000000                      ",0,"0.000000                      ",0,"0.000000                      "
"1998","14614","03","5362","0060","04","Elem      ","N","Shullsburg","Shullsburg El","Grades PreK-12","All Races","Both Genders","218",33,"15.137600                     ",34,"15.596300                     ",29,"13.302700                     ",27,"12.385300                     ",32,"14.678800                     ",30,"13.761400                     ",33,"15.137600                     ",0,"0.000000                      ",0,"0.000000                      ",0,"0.000000                      ",0,"0.000000                      ",0,"0.000000                      ",0,"0.000000                      ",0,"0.000000                      "
"1998","14615","03","5362","0080","04","High      ","N","Shullsburg","Shullsburg Hi","Grades PreK-12","All Races","Both Genders","172",0,"0.000000                      ",0,"0.000000                      ",0,"0.000000                      ",0,"0.000000                      ",0,"0.000000                      ",0,"0.000000                      ",0,"0.000000                      ",0,"0.000000                      ",0,"0.000000                      ",0,"0.000000                      ",49,"28.488300                     ",40,"23.255800                     ",39,"22.674400                     ",44,"25.581300                     "
"1998","10158","03","5523","","03","Summary   ","N","River Valley","","Grades PreK-12","All Races","Both Genders","1612",15,"0.930500                      ",87,"5.397000                      ",85,"5.272900                      ",115,"7.133900                      ",117,"7.258000                      ",100,"6.203400                      ",107,"6.637700                      ",130,"8.064500                      ",147,"9.119100                      ",131,"8.126500                      ",167,"10.359800                     ",132,"8.188500                      ",149,"9.243100                      ",130,"8.064500                      "
"1998","14771","03","5523","0020","04","Elem      ","N","River Valley","Arena El","Grades PreK-12","All Races","Both Genders","129",0,"0.000000                      ",21,"16.279000                     ",24,"18.604600                     ",21,"16.279000                     ",22,"17.054200                     ",18,"13.953400                     ",23,"17.829400                     ",0,"0.000000                      ",0,"0.000000                      ",0,"0.000000                      ",0,"0.000000                      ",0,"0.000000                      ",0,"0.000000                      ",0,"0.000000                      "
"1998","14693","03","5523","0080","04","Elem      ","N","River Valley","Lone Rock El","Grades PreK-12","All Races","Both Genders","140",0,"0.000000                      ",24,"17.142800                     ",18,"12.857100                     ",32,"22.857100                     ",24,"17.142800                     ",23,"16.428500                     ",19,"13.571400                     ",0,"0.000000                      ",0,"0.000000                      ",0,"0.000000                      ",0,"0.000000                      ",0,"0.000000                      ",0,"0.000000                      ",0,"0.000000                      "
"1998","14599","03","5523","0100","04","Mid/Jr Hi ","N","River Valley","River Valley Mid","Grades PreK-12","All Races","Both Genders","408",0,"0.000000                      ",0,"0.000000                      ",0,"0.000000                      ",0,"0.000000                      ",0,"0.000000                      ",0,"0.000000                      ",0,"0.000000                      ",130,"31.862700                     ",147,"36.029400                     ",131,"32.107800                     ",0,"0.000000                      ",0,"0.000000                      ",0,"0.000000                      ",0,"0.000000                      "
"1998","14581","03","5523","0110","04","High      ","N","River Valley","River Valley Hi","Grades PreK-12","All Races","Both Genders","578",0,"0.000000                      ",0,"0.000000                      ",0,"0.000000                      ",0,"0.000000                      ",0,"0.000000                      ",0,"0.000000                      ",0,"0.000000                      ",0,"0.000000                      ",0,"0.000000                      ",0,"0.000000                      ",167,"28.892700                     ",132,"22.837300                     ",149,"25.778500                     ",130,"22.491300                     "
"1998","14618","03","5523","0120","04","Elem      ","N","River Valley","Spring Green El","Grades PreK-12","All Races","Both Genders","240",15,"6.250000                      ",28,"11.666600                     ",28,"11.666600                     ",40,"16.666600                     ",47,"19.583300                     ",39,"16.250000                     ",43,"17.916600                     ",0,"0.000000                      ",0,"0.000000                      ",0,"0.000000                      ",0,"0.000000                      ",0,"0.000000                      ",0,"0.000000                      ",0,"0.000000                      "
"1998","14630","03","5523","0140","04","Elem      ","N","River Valley","Plain El","Grades PreK-12","All Races","Both Genders","117",0,"0.000000                      ",14,"11.965800                     ",15,"12.820500                     ",22,"18.803400                     ",24,"20.512800                     ",20,"17.094000                     ",22,"18.803400                     ",0,"0.000000                      ",0,"0.000000                      ",0,"0.000000                      ",0,"0.000000                      ",0,"0.000000                      ",0,"0.000000                      ",0,"0.000000                      "
"1998","10327","03","5960","","03","Summary   ","N","Kickapoo Area","","Grades PreK-12","All Races","Both Genders","518",0,"0.000000                      ",25,"4.826200                      ",39,"7.528900                      ",32,"6.177600                      ",31,"5.984500                      ",33,"6.370600                      ",45,"8.687200                      ",45,"8.687200                      ",42,"8.108100                      ",39,"7.528900                      ",53,"10.231600                     ",46,"8.880300                      ",45,"8.687200                      ",43,"8.301100                      "
"1998","13847","03","5960","0020","04","High      ","N","Kickapoo Area","Kickapoo Hi","Grades PreK-12","All Races","Both Genders","268",0,"0.000000                      ",0,"0.000000                      ",0,"0.000000                      ",0,"0.000000                      ",0,"0.000000                      ",0,"0.000000                      ",0,"0.000000                      ",0,"0.000000                      ",42,"15.671600                     ",39,"14.552200                     ",53,"19.776100                     ",46,"17.164100                     ",45,"16.791000                     ",43,"16.044700                     "
"1998","13865","03","5960","0040","04","Elem      ","N","Kickapoo Area","Readstown El","Grades PreK-12","All Races","Both Genders","92",0,"0.000000                      ",0,"0.000000                      ",19,"20.652100                     ",16,"17.391300                     ",16,"17.391300                     ",17,"18.478200                     ",24,"26.086900                     ",0,"0.000000                      ",0,"0.000000                      ",0,"0.000000                      ",0,"0.000000                      ",0,"0.000000                      ",0,"0.000000                      ",0,"0.000000                      "
"1998","13848","03","5960","0060","04","Elem      ","N","Kickapoo Area","Viola El","Grades PreK-12","All Races","Both Genders","158",0,"0.000000                      ",25,"15.822700                     ",20,"12.658200                     ",16,"10.126500                     ",15,"9.493600                      ",16,"10.126500                     ",21,"13.291100                     ",45,"28.481000                     ",0,"0.000000                      ",0,"0.000000                      ",0,"0.000000                      ",0,"0.000000                      ",0,"0.000000                      ",0,"0.000000                      "
"1998","10176","03","6251","","03","Summary   ","N","Wauzeka-Steuben","","Grades PreK-12","All Races","Both Genders","396",27,"6.818100                      ",25,"6.313100                      ",22,"5.555500                      ",17,"4.292900                      ",27,"6.818100                      ",24,"6.060600                      ",27,"6.818100                      ",29,"7.323200                      ",33,"8.333300                      ",36,"9.090900                      ",27,"6.818100                      ",33,"8.333300                      ",30,"7.575700                      ",39,"9.848400                      "
"1998","14495","03","6251","0020","04","Elem      ","N","Wauzeka-Steuben","Wauzeka El","Grades PreK-12","All Races","Both Genders","198",27,"13.636300                     ",25,"12.626200                     ",22,"11.111100                     ",17,"8.585800                      ",27,"13.636300                     ",24,"12.121200                     ",27,"13.636300                     ",29,"14.646400                     ",0,"0.000000                      ",0,"0.000000                      ",0,"0.000000                      ",0,"0.000000                      ",0,"0.000000                      ",0,"0.000000                      "
"1998","14496","03","6251","0040","04","High      ","N","Wauzeka-Steuben","Wauzeka Hi","Grades PreK-12","All Races","Both Genders","198",0,"0.000000                      ",0,"0.000000                      ",0,"0.000000                      ",0,"0.000000                      ",0,"0.000000                      ",0,"0.000000                      ",0,"0.000000                      ",0,"0.000000                      ",33,"16.666600                     ",36,"18.181800                     ",27,"13.636300                     ",33,"16.666600                     ",30,"15.151500                     ",39,"19.696900                     "
"1998","10182","03","6354","","03","Summary   ","N","Weston","","Grades PreK-12","All Races","Both Genders","394",22,"5.583700                      ",18,"4.568500                      ",26,"6.598900                      ",25,"6.345100                      ",21,"5.329900                      ",34,"8.629400                      ",24,"6.091300                      ",31,"7.868000                      ",36,"9.137000                      ",29,"7.360400                      ",38,"9.644600                      ",25,"6.345100                      ",26,"6.598900                      ",39,"9.898400                      "
"1998","14454","03","6354","0100","04","High      ","N","Weston","Weston Hi","Grades PreK-12","All Races","Both Genders","128",0,"0.000000                      ",0,"0.000000                      ",0,"0.000000                      ",0,"0.000000                      ",0,"0.000000                      ",0,"0.000000                      ",0,"0.000000                      ",0,"0.000000                      ",0,"0.000000                      ",0,"0.000000                      ",38,"29.687500                     ",25,"19.531200                     ",26,"20.312500                     ",39,"30.468700                     "
"1998","14455","03","6354","0120","04","Mid/Jr Hi ","N","Weston","Weston Mid","Grades PreK-12","All Races","Both Genders","96",0,"0.000000                      ",0,"0.000000                      ",0,"0.000000                      ",0,"0.000000                      ",0,"0.000000                      ",0,"0.000000                      ",0,"0.000000                      ",31,"32.291600                     ",36,"37.500000                     ",29,"30.208300                     ",0,"0.000000                      ",0,"0.000000                      ",0,"0.000000                      ",0,"0.000000                      "
"1998","14456","03","6354","0160","04","Elem      ","N","Weston","Weston El","Grades PreK-12","All Races","Both Genders","170",22,"12.941100                     ",18,"10.588200                     ",26,"15.294100                     ",25,"14.705800                     ",21,"12.352900                     ",34,"20.000000                     ",24,"14.117600                     ",0,"0.000000                      ",0,"0.000000                      ",0,"0.000000                      ",0,"0.000000                      ",0,"0.000000                      ",0,"0.000000                      ",0,"0.000000                      "
