"year","agency_key","CESA","district_number","school_number","agency_type","school_type","charter","district_name","school_name","grade_label","race_ethnicity","gender","enrollment_prek-12","number_lep_spanish","percent_lep_spanish","number_lep_hmong","percent_lep_hmong","number_lep_other","percent_lep_other","number_english_proficient","percent_english_proficient"
"2000","32894","03","0161","","03","Elem      ","N","Argyle","","Elementary School Type/ Prek-12","All Races","Both Genders",174,0,"0.0000000000                  ",0,"0.0000000000                  ",0,"0.0000000000                  ",174,"100.0000000000                "
"2000","32894","03","0161","","03","Mid/Jr Hi ","N","Argyle","","Middle/Junior High School Type/ Prek-12","All Races","Both Genders",0,0,"--                            ",0,"--                            ",0,"--                            ",,"--                            "
"2000","32894","03","0161","","03","High      ","N","Argyle","","High School Type/ PreK-12","All Races","Both Genders",199,0,"0.0000000000                  ",0,"0.0000000000                  ",0,"0.0000000000                  ",199,"100.0000000000                "
"2000","32894","03","0161","","03","El/Sec    ","N","Argyle","","Combined Elementary/Secondary School Type/ Prek-12","All Races","Both Genders",0,0,"--                            ",0,"--                            ",0,"--                            ",,"--                            "
"2000","32894","03","0161","","03","Summary   ","N","Argyle","","Grades PreK-12","All Races","Both Genders",373,0,"0.0000000000                  ",0,"0.0000000000                  ",0,"0.0000000000                  ",373,"100.0000000000                "
"2000","31110","03","0161","0020","04","Elem      ","N","Argyle","Argyle El","Grades PreK-12","All Races","Both Genders",174,0,"0.0000000000                  ",0,"0.0000000000                  ",0,"0.0000000000                  ",174,"100.0000000000                "
"2000","31111","03","0161","0040","04","High      ","N","Argyle","Argyle Hi","Grades PreK-12","All Races","Both Genders",199,0,"0.0000000000                  ",0,"0.0000000000                  ",0,"0.0000000000                  ",199,"100.0000000000                "
"2000","32895","03","0287","","03","Elem      ","N","Barneveld","","Elementary School Type/ Prek-12","All Races","Both Genders",192,0,"0.0000000000                  ",0,"0.0000000000                  ",0,"0.0000000000                  ",192,"100.0000000000                "
"2000","32895","03","0287","","03","Mid/Jr Hi ","N","Barneveld","","Middle/Junior High School Type/ Prek-12","All Races","Both Genders",0,0,"--                            ",0,"--                            ",0,"--                            ",,"--                            "
"2000","32895","03","0287","","03","High      ","N","Barneveld","","High School Type/ PreK-12","All Races","Both Genders",262,0,"0.0000000000                  ",0,"0.0000000000                  ",0,"0.0000000000                  ",262,"100.0000000000                "
"2000","32895","03","0287","","03","El/Sec    ","N","Barneveld","","Combined Elementary/Secondary School Type/ Prek-12","All Races","Both Genders",0,0,"--                            ",0,"--                            ",0,"--                            ",,"--                            "
"2000","32895","03","0287","","03","Summary   ","N","Barneveld","","Grades PreK-12","All Races","Both Genders",454,0,"0.0000000000                  ",0,"0.0000000000                  ",0,"0.0000000000                  ",454,"100.0000000000                "
"2000","31112","03","0287","0020","04","Elem      ","N","Barneveld","Barneveld El","Grades PreK-12","All Races","Both Genders",192,0,"0.0000000000                  ",0,"0.0000000000                  ",0,"0.0000000000                  ",192,"100.0000000000                "
"2000","31113","03","0287","0040","04","High      ","N","Barneveld","Barneveld Hi","Grades PreK-12","All Races","Both Genders",262,0,"0.0000000000                  ",0,"0.0000000000                  ",0,"0.0000000000                  ",262,"100.0000000000                "
"2000","32897","03","0364","","03","Elem      ","N","Belmont Community","","Elementary School Type/ Prek-12","All Races","Both Genders",186,0,"0.0000000000                  ",0,"0.0000000000                  ",0,"0.0000000000                  ",186,"100.0000000000                "
"2000","32897","03","0364","","03","Mid/Jr Hi ","N","Belmont Community","","Middle/Junior High School Type/ Prek-12","All Races","Both Genders",0,0,"--                            ",0,"--                            ",0,"--                            ",,"--                            "
"2000","32897","03","0364","","03","High      ","N","Belmont Community","","High School Type/ PreK-12","All Races","Both Genders",226,0,"0.0000000000                  ",0,"0.0000000000                  ",0,"0.0000000000                  ",226,"100.0000000000                "
"2000","32897","03","0364","","03","El/Sec    ","N","Belmont Community","","Combined Elementary/Secondary School Type/ Prek-12","All Races","Both Genders",0,0,"--                            ",0,"--                            ",0,"--                            ",,"--                            "
"2000","32897","03","0364","","03","Summary   ","N","Belmont Community","","Grades PreK-12","All Races","Both Genders",412,0,"0.0000000000                  ",0,"0.0000000000                  ",0,"0.0000000000                  ",412,"100.0000000000                "
"2000","31117","03","0364","0020","04","Elem      ","N","Belmont Community","Belmont El","Grades PreK-12","All Races","Both Genders",186,0,"0.0000000000                  ",0,"0.0000000000                  ",0,"0.0000000000                  ",186,"100.0000000000                "
"2000","31118","03","0364","0040","04","High      ","N","Belmont Community","Belmont Hi","Grades PreK-12","All Races","Both Genders",226,0,"0.0000000000                  ",0,"0.0000000000                  ",0,"0.0000000000                  ",226,"100.0000000000                "
"2000","32914","03","0427","","03","Elem      ","N","Benton","","Elementary School Type/ Prek-12","All Races","Both Genders",161,0,"0.0000000000                  ",0,"0.0000000000                  ",0,"0.0000000000                  ",161,"100.0000000000                "
"2000","32914","03","0427","","03","Mid/Jr Hi ","N","Benton","","Middle/Junior High School Type/ Prek-12","All Races","Both Genders",0,0,"--                            ",0,"--                            ",0,"--                            ",,"--                            "
"2000","32914","03","0427","","03","High      ","N","Benton","","High School Type/ PreK-12","All Races","Both Genders",140,0,"0.0000000000                  ",0,"0.0000000000                  ",0,"0.0000000000                  ",140,"100.0000000000                "
"2000","32914","03","0427","","03","El/Sec    ","N","Benton","","Combined Elementary/Secondary School Type/ Prek-12","All Races","Both Genders",0,0,"--                            ",0,"--                            ",0,"--                            ",,"--                            "
"2000","32914","03","0427","","03","Summary   ","N","Benton","","Grades PreK-12","All Races","Both Genders",301,0,"0.0000000000                  ",0,"0.0000000000                  ",0,"0.0000000000                  ",301,"100.0000000000                "
"2000","31233","03","0427","0020","04","Elem      ","N","Benton","Benton El","Grades PreK-12","All Races","Both Genders",161,0,"0.0000000000                  ",0,"0.0000000000                  ",0,"0.0000000000                  ",161,"100.0000000000                "
"2000","31234","03","0427","0040","04","High      ","N","Benton","Benton Hi","Grades PreK-12","All Races","Both Genders",140,0,"0.0000000000                  ",0,"0.0000000000                  ",0,"0.0000000000                  ",140,"100.0000000000                "
"2000","33076","03","0490","","03","Elem      ","N","Pecatonica Area","","Elementary School Type/ Prek-12","All Races","Both Genders",252,0,"0.0000000000                  ",0,"0.0000000000                  ",0,"0.0000000000                  ",252,"100.0000000000                "
"2000","33076","03","0490","","03","Mid/Jr Hi ","N","Pecatonica Area","","Middle/Junior High School Type/ Prek-12","All Races","Both Genders",0,0,"--                            ",0,"--                            ",0,"--                            ",,"--                            "
"2000","33076","03","0490","","03","High      ","N","Pecatonica Area","","High School Type/ PreK-12","All Races","Both Genders",288,0,"0.0000000000                  ",0,"0.0000000000                  ",0,"0.0000000000                  ",288,"100.0000000000                "
"2000","33076","03","0490","","03","El/Sec    ","N","Pecatonica Area","","Combined Elementary/Secondary School Type/ Prek-12","All Races","Both Genders",0,0,"--                            ",0,"--                            ",0,"--                            ",,"--                            "
"2000","33076","03","0490","","03","Summary   ","N","Pecatonica Area","","Grades PreK-12","All Races","Both Genders",540,0,"0.0000000000                  ",0,"0.0000000000                  ",0,"0.0000000000                  ",540,"100.0000000000                "
"2000","31147","03","0490","0020","04","Elem      ","N","Pecatonica Area","Pecatonica El","Grades PreK-12","All Races","Both Genders",252,0,"0.0000000000                  ",0,"0.0000000000                  ",0,"0.0000000000                  ",252,"100.0000000000                "
"2000","31981","03","0490","0040","04","High      ","N","Pecatonica Area","Pecatonica Hi","Grades PreK-12","All Races","Both Genders",288,0,"0.0000000000                  ",0,"0.0000000000                  ",0,"0.0000000000                  ",288,"100.0000000000                "
"2000","32915","03","0609","","03","Elem      ","N","Boscobel Area","","Elementary School Type/ Prek-12","All Races","Both Genders",539,0,"0.0000000000                  ",0,"0.0000000000                  ",0,"0.0000000000                  ",539,"100.0000000000                "
"2000","32915","03","0609","","03","Mid/Jr Hi ","N","Boscobel Area","","Middle/Junior High School Type/ Prek-12","All Races","Both Genders",173,0,"0.0000000000                  ",0,"0.0000000000                  ",0,"0.0000000000                  ",173,"100.0000000000                "
"2000","32915","03","0609","","03","High      ","N","Boscobel Area","","High School Type/ PreK-12","All Races","Both Genders",328,0,"0.0000000000                  ",0,"0.0000000000                  ",0,"0.0000000000                  ",328,"100.0000000000                "
"2000","32915","03","0609","","03","El/Sec    ","N","Boscobel Area","","Combined Elementary/Secondary School Type/ Prek-12","All Races","Both Genders",0,0,"--                            ",0,"--                            ",0,"--                            ",,"--                            "
"2000","32915","03","0609","","03","Summary   ","N","Boscobel Area","","Grades PreK-12","All Races","Both Genders",1040,0,"0.0000000000                  ",0,"0.0000000000                  ",0,"0.0000000000                  ",1040,"100.0000000000                "
"2000","31236","03","0609","0020","04","Elem      ","N","Boscobel Area","Boscobel El","Grades PreK-12","All Races","Both Genders",539,0,"0.0000000000                  ",0,"0.0000000000                  ",0,"0.0000000000                  ",539,"100.0000000000                "
"2000","31237","03","0609","0040","04","High      ","N","Boscobel Area","Boscobel Hi","Grades PreK-12","All Races","Both Genders",328,0,"0.0000000000                  ",0,"0.0000000000                  ",0,"0.0000000000                  ",328,"100.0000000000                "
"2000","31238","03","0609","0060","04","Mid/Jr Hi ","N","Boscobel Area","Boscobel Jr","Grades PreK-12","All Races","Both Genders",173,0,"0.0000000000                  ",0,"0.0000000000                  ",0,"0.0000000000                  ",173,"100.0000000000                "
"2000","32916","03","0994","","03","Elem      ","N","Cassville","","Elementary School Type/ Prek-12","All Races","Both Genders",187,0,"0.0000000000                  ",0,"0.0000000000                  ",0,"0.0000000000                  ",187,"100.0000000000                "
"2000","32916","03","0994","","03","Mid/Jr Hi ","N","Cassville","","Middle/Junior High School Type/ Prek-12","All Races","Both Genders",0,0,"--                            ",0,"--                            ",0,"--                            ",,"--                            "
"2000","32916","03","0994","","03","High      ","N","Cassville","","High School Type/ PreK-12","All Races","Both Genders",190,0,"0.0000000000                  ",0,"0.0000000000                  ",0,"0.0000000000                  ",190,"100.0000000000                "
"2000","32916","03","0994","","03","El/Sec    ","N","Cassville","","Combined Elementary/Secondary School Type/ Prek-12","All Races","Both Genders",0,0,"--                            ",0,"--                            ",0,"--                            ",,"--                            "
"2000","32916","03","0994","","03","Summary   ","N","Cassville","","Grades PreK-12","All Races","Both Genders",377,0,"0.0000000000                  ",0,"0.0000000000                  ",0,"0.0000000000                  ",377,"100.0000000000                "
"2000","31239","03","0994","0020","04","Elem      ","N","Cassville","Cassville El","Grades PreK-12","All Races","Both Genders",187,0,"0.0000000000                  ",0,"0.0000000000                  ",0,"0.0000000000                  ",187,"100.0000000000                "
"2000","31240","03","0994","0040","04","High      ","N","Cassville","Cassville Hi","Grades PreK-12","All Races","Both Genders",190,0,"0.0000000000                  ",0,"0.0000000000                  ",0,"0.0000000000                  ",190,"100.0000000000                "
"2000","32917","03","1246","","03","Elem      ","N","Cuba City","","Elementary School Type/ Prek-12","All Races","Both Genders",371,0,"0.0000000000                  ",0,"0.0000000000                  ",0,"0.0000000000                  ",371,"100.0000000000                "
"2000","32917","03","1246","","03","Mid/Jr Hi ","N","Cuba City","","Middle/Junior High School Type/ Prek-12","All Races","Both Genders",109,0,"0.0000000000                  ",0,"0.0000000000                  ",0,"0.0000000000                  ",109,"100.0000000000                "
"2000","32917","03","1246","","03","High      ","N","Cuba City","","High School Type/ PreK-12","All Races","Both Genders",330,0,"0.0000000000                  ",0,"0.0000000000                  ",0,"0.0000000000                  ",330,"100.0000000000                "
"2000","32917","03","1246","","03","El/Sec    ","N","Cuba City","","Combined Elementary/Secondary School Type/ Prek-12","All Races","Both Genders",0,0,"--                            ",0,"--                            ",0,"--                            ",,"--                            "
"2000","32917","03","1246","","03","Summary   ","N","Cuba City","","Grades PreK-12","All Races","Both Genders",810,0,"0.0000000000                  ",0,"0.0000000000                  ",0,"0.0000000000                  ",810,"100.0000000000                "
"2000","31241","03","1246","0020","04","Elem      ","N","Cuba City","Cuba City El","Grades PreK-12","All Races","Both Genders",271,0,"0.0000000000                  ",0,"0.0000000000                  ",0,"0.0000000000                  ",271,"100.0000000000                "
"2000","31242","03","1246","0030","04","Mid/Jr Hi ","N","Cuba City","Cuba City Jr","Grades PreK-12","All Races","Both Genders",109,0,"0.0000000000                  ",0,"0.0000000000                  ",0,"0.0000000000                  ",109,"100.0000000000                "
"2000","31243","03","1246","0040","04","High      ","N","Cuba City","Cuba City Hi","Grades PreK-12","All Races","Both Genders",330,0,"0.0000000000                  ",0,"0.0000000000                  ",0,"0.0000000000                  ",330,"100.0000000000                "
"2000","31244","03","1246","0060","04","Elem      ","N","Cuba City","Dickeyville El","Grades PreK-12","All Races","Both Genders",100,0,"0.0000000000                  ",0,"0.0000000000                  ",0,"0.0000000000                  ",100,"100.0000000000                "
"2000","33080","03","1295","","03","Elem      ","N","Darlington Community","","Elementary School Type/ Prek-12","All Races","Both Genders",567,0,"0.0000000000                  ",0,"0.0000000000                  ",0,"0.0000000000                  ",567,"100.0000000000                "
"2000","33080","03","1295","","03","Mid/Jr Hi ","N","Darlington Community","","Middle/Junior High School Type/ Prek-12","All Races","Both Genders",0,0,"--                            ",0,"--                            ",0,"--                            ",,"--                            "
"2000","33080","03","1295","","03","High      ","N","Darlington Community","","High School Type/ PreK-12","All Races","Both Genders",334,0,"0.0000000000                  ",0,"0.0000000000                  ",0,"0.0000000000                  ",334,"100.0000000000                "
"2000","33080","03","1295","","03","El/Sec    ","N","Darlington Community","","Combined Elementary/Secondary School Type/ Prek-12","All Races","Both Genders",0,0,"--                            ",0,"--                            ",0,"--                            ",,"--                            "
"2000","33080","03","1295","","03","Summary   ","N","Darlington Community","","Grades PreK-12","All Races","Both Genders",901,0,"0.0000000000                  ",0,"0.0000000000                  ",0,"0.0000000000                  ",901,"100.0000000000                "
"2000","31996","03","1295","0040","04","High      ","N","Darlington Community","Darlington Hi","Grades PreK-12","All Races","Both Genders",334,0,"0.0000000000                  ",0,"0.0000000000                  ",0,"0.0000000000                  ",334,"100.0000000000                "
"2000","32772","03","1295","0160","04","Elem      ","N","Darlington Community","Darlington El/Mid","Grades PreK-12","All Races","Both Genders",567,0,"0.0000000000                  ",0,"0.0000000000                  ",0,"0.0000000000                  ",567,"100.0000000000                "
"2000","33083","03","1428","","03","Elem      ","N","Dodgeville","","Elementary School Type/ Prek-12","All Races","Both Genders",547,0,"0.0000000000                  ",0,"0.0000000000                  ",1,"0.1828153500                  ",546,"99.8171846400                 "
"2000","33083","03","1428","","03","Mid/Jr Hi ","N","Dodgeville","","Middle/Junior High School Type/ Prek-12","All Races","Both Genders",285,0,"0.0000000000                  ",0,"0.0000000000                  ",1,"0.3508771900                  ",284,"99.6491228000                 "
"2000","33083","03","1428","","03","High      ","N","Dodgeville","","High School Type/ PreK-12","All Races","Both Genders",437,0,"0.0000000000                  ",0,"0.0000000000                  ",1,"0.2288329500                  ",436,"99.7711670400                 "
"2000","33083","03","1428","","03","El/Sec    ","N","Dodgeville","","Combined Elementary/Secondary School Type/ Prek-12","All Races","Both Genders",0,0,"--                            ",0,"--                            ",0,"--                            ",,"--                            "
"2000","33083","03","1428","","03","Summary   ","N","Dodgeville","","Grades PreK-12","All Races","Both Genders",1269,0,"0.0000000000                  ",0,"0.0000000000                  ",3,"0.2364066100                  ",1266,"99.7635933800                 "
"2000","32005","03","1428","0020","04","Elem      ","N","Dodgeville","Dodgeville El","Grades PreK-12","All Races","Both Genders",369,0,"0.0000000000                  ",0,"0.0000000000                  ",1,"0.2710027100                  ",368,"99.7289972800                 "
"2000","32006","03","1428","0040","04","High      ","N","Dodgeville","Dodgeville Hi","Grades PreK-12","All Races","Both Genders",437,0,"0.0000000000                  ",0,"0.0000000000                  ",1,"0.2288329500                  ",436,"99.7711670400                 "
"2000","32007","03","1428","0050","04","Mid/Jr Hi ","N","Dodgeville","Dodgeville Mid","Grades PreK-12","All Races","Both Genders",285,0,"0.0000000000                  ",0,"0.0000000000                  ",1,"0.3508771900                  ",284,"99.6491228000                 "
"2000","32073","03","1428","0060","04","Elem      ","N","Dodgeville","Ridgeway El","Grades PreK-12","All Races","Both Genders",178,0,"0.0000000000                  ",0,"0.0000000000                  ",0,"0.0000000000                  ",178,"100.0000000000                "
"2000","33105","03","1813","","03","Elem      ","N","Fennimore Community","","Elementary School Type/ Prek-12","All Races","Both Genders",479,0,"0.0000000000                  ",0,"0.0000000000                  ",0,"0.0000000000                  ",479,"100.0000000000                "
"2000","33105","03","1813","","03","Mid/Jr Hi ","N","Fennimore Community","","Middle/Junior High School Type/ Prek-12","All Races","Both Genders",0,0,"--                            ",0,"--                            ",0,"--                            ",,"--                            "
"2000","33105","03","1813","","03","High      ","N","Fennimore Community","","High School Type/ PreK-12","All Races","Both Genders",368,0,"0.0000000000                  ",0,"0.0000000000                  ",0,"0.0000000000                  ",368,"100.0000000000                "
"2000","33105","03","1813","","03","El/Sec    ","N","Fennimore Community","","Combined Elementary/Secondary School Type/ Prek-12","All Races","Both Genders",0,0,"--                            ",0,"--                            ",0,"--                            ",,"--                            "
"2000","33105","03","1813","","03","Summary   ","N","Fennimore Community","","Grades PreK-12","All Races","Both Genders",847,0,"0.0000000000                  ",0,"0.0000000000                  ",0,"0.0000000000                  ",847,"100.0000000000                "
"2000","32118","03","1813","0020","04","Elem      ","N","Fennimore Community","Fennimore El","Grades PreK-12","All Races","Both Genders",479,0,"0.0000000000                  ",0,"0.0000000000                  ",0,"0.0000000000                  ",479,"100.0000000000                "
"2000","32119","03","1813","0040","04","High      ","N","Fennimore Community","Fennimore Hi","Grades PreK-12","All Races","Both Genders",368,0,"0.0000000000                  ",0,"0.0000000000                  ",0,"0.0000000000                  ",368,"100.0000000000                "
"2000","32979","03","2016","","03","Elem      ","N","North Crawford","","Elementary School Type/ Prek-12","All Races","Both Genders",322,0,"0.0000000000                  ",0,"0.0000000000                  ",0,"0.0000000000                  ",322,"100.0000000000                "
"2000","32979","03","2016","","03","Mid/Jr Hi ","N","North Crawford","","Middle/Junior High School Type/ Prek-12","All Races","Both Genders",0,0,"--                            ",0,"--                            ",0,"--                            ",,"--                            "
"2000","32979","03","2016","","03","High      ","N","North Crawford","","High School Type/ PreK-12","All Races","Both Genders",355,0,"0.0000000000                  ",0,"0.0000000000                  ",0,"0.0000000000                  ",355,"100.0000000000                "
"2000","32979","03","2016","","03","El/Sec    ","N","North Crawford","","Combined Elementary/Secondary School Type/ Prek-12","All Races","Both Genders",0,0,"--                            ",0,"--                            ",0,"--                            ",,"--                            "
"2000","32979","03","2016","","03","Summary   ","N","North Crawford","","Grades PreK-12","All Races","Both Genders",677,0,"0.0000000000                  ",0,"0.0000000000                  ",0,"0.0000000000                  ",677,"100.0000000000                "
"2000","31479","03","2016","0110","04","Elem      ","N","North Crawford","North Crawford El","Grades PreK-12","All Races","Both Genders",322,0,"0.0000000000                  ",0,"0.0000000000                  ",0,"0.0000000000                  ",322,"100.0000000000                "
"2000","31480","03","2016","0120","04","High      ","N","North Crawford","North Crawford Hi","Grades PreK-12","All Races","Both Genders",355,0,"0.0000000000                  ",0,"0.0000000000                  ",0,"0.0000000000                  ",355,"100.0000000000                "
"2000","32910","03","2240","","03","Elem      ","N","Black Hawk","","Elementary School Type/ Prek-12","All Races","Both Genders",219,0,"0.0000000000                  ",0,"0.0000000000                  ",0,"0.0000000000                  ",219,"100.0000000000                "
"2000","32910","03","2240","","03","Mid/Jr Hi ","N","Black Hawk","","Middle/Junior High School Type/ Prek-12","All Races","Both Genders",206,0,"0.0000000000                  ",0,"0.0000000000                  ",0,"0.0000000000                  ",206,"100.0000000000                "
"2000","32910","03","2240","","03","High      ","N","Black Hawk","","High School Type/ PreK-12","All Races","Both Genders",223,0,"0.0000000000                  ",0,"0.0000000000                  ",0,"0.0000000000                  ",223,"100.0000000000                "
"2000","32910","03","2240","","03","El/Sec    ","N","Black Hawk","","Combined Elementary/Secondary School Type/ Prek-12","All Races","Both Genders",0,0,"--                            ",0,"--                            ",0,"--                            ",,"--                            "
"2000","32910","03","2240","","03","Summary   ","N","Black Hawk","","Grades PreK-12","All Races","Both Genders",648,0,"0.0000000000                  ",0,"0.0000000000                  ",0,"0.0000000000                  ",648,"100.0000000000                "
"2000","31190","03","2240","0020","04","High      ","N","Black Hawk","Black Hawk Hi","Grades PreK-12","All Races","Both Genders",223,0,"0.0000000000                  ",0,"0.0000000000                  ",0,"0.0000000000                  ",223,"100.0000000000                "
"2000","31144","03","2240","0040","04","Mid/Jr Hi ","N","Black Hawk","Black Hawk Mid","Grades PreK-12","All Races","Both Genders",206,0,"0.0000000000                  ",0,"0.0000000000                  ",0,"0.0000000000                  ",206,"100.0000000000                "
"2000","31191","03","2240","0160","04","Elem      ","N","Black Hawk","Black Hawk El","Grades PreK-12","All Races","Both Genders",219,0,"0.0000000000                  ",0,"0.0000000000                  ",0,"0.0000000000                  ",219,"100.0000000000                "
"2000","33106","03","2485","","03","Elem      ","N","Southwestern Wisconsin","","Elementary School Type/ Prek-12","All Races","Both Genders",432,0,"0.0000000000                  ",0,"0.0000000000                  ",0,"0.0000000000                  ",432,"100.0000000000                "
"2000","33106","03","2485","","03","Mid/Jr Hi ","N","Southwestern Wisconsin","","Middle/Junior High School Type/ Prek-12","All Races","Both Genders",0,0,"--                            ",0,"--                            ",0,"--                            ",,"--                            "
"2000","33106","03","2485","","03","High      ","N","Southwestern Wisconsin","","High School Type/ PreK-12","All Races","Both Genders",223,0,"0.0000000000                  ",0,"0.0000000000                  ",0,"0.0000000000                  ",223,"100.0000000000                "
"2000","33106","03","2485","","03","El/Sec    ","N","Southwestern Wisconsin","","Combined Elementary/Secondary School Type/ Prek-12","All Races","Both Genders",0,0,"--                            ",0,"--                            ",0,"--                            ",,"--                            "
"2000","33106","03","2485","","03","Summary   ","N","Southwestern Wisconsin","","Grades PreK-12","All Races","Both Genders",655,0,"0.0000000000                  ",0,"0.0000000000                  ",0,"0.0000000000                  ",655,"100.0000000000                "
"2000","32120","03","2485","0040","04","Elem      ","N","Southwestern Wisconsin","Southwestern Wisconsin El","Grades PreK-12","All Races","Both Genders",432,0,"0.0000000000                  ",0,"0.0000000000                  ",0,"0.0000000000                  ",432,"100.0000000000                "
"2000","32121","03","2485","0060","04","High      ","N","Southwestern Wisconsin","Southwestern Wisconsin Hi","Grades PreK-12","All Races","Both Genders",223,0,"0.0000000000                  ",0,"0.0000000000                  ",0,"0.0000000000                  ",223,"100.0000000000                "
"2000","32899","03","2527","","03","Elem      ","N","Highland","","Elementary School Type/ Prek-12","All Races","Both Genders",166,0,"0.0000000000                  ",0,"0.0000000000                  ",0,"0.0000000000                  ",166,"100.0000000000                "
"2000","32899","03","2527","","03","Mid/Jr Hi ","N","Highland","","Middle/Junior High School Type/ Prek-12","All Races","Both Genders",0,0,"--                            ",0,"--                            ",0,"--                            ",,"--                            "
"2000","32899","03","2527","","03","High      ","N","Highland","","High School Type/ PreK-12","All Races","Both Genders",208,0,"0.0000000000                  ",0,"0.0000000000                  ",0,"0.0000000000                  ",208,"100.0000000000                "
"2000","32899","03","2527","","03","El/Sec    ","N","Highland","","Combined Elementary/Secondary School Type/ Prek-12","All Races","Both Genders",0,0,"--                            ",0,"--                            ",0,"--                            ",,"--                            "
"2000","32899","03","2527","","03","Summary   ","N","Highland","","Grades PreK-12","All Races","Both Genders",374,0,"0.0000000000                  ",0,"0.0000000000                  ",0,"0.0000000000                  ",374,"100.0000000000                "
"2000","31145","03","2527","0020","04","Elem      ","N","Highland","Highland El","Grades PreK-12","All Races","Both Genders",166,0,"0.0000000000                  ",0,"0.0000000000                  ",0,"0.0000000000                  ",166,"100.0000000000                "
"2000","31146","03","2527","0040","04","High      ","N","Highland","Highland Hi","Grades PreK-12","All Races","Both Genders",208,0,"0.0000000000                  ",0,"0.0000000000                  ",0,"0.0000000000                  ",208,"100.0000000000                "
"2000","33089","03","2646","","03","Elem      ","N","Iowa-Grant","","Elementary School Type/ Prek-12","All Races","Both Genders",734,0,"0.0000000000                  ",0,"0.0000000000                  ",0,"0.0000000000                  ",734,"100.0000000000                "
"2000","33089","03","2646","","03","Mid/Jr Hi ","N","Iowa-Grant","","Middle/Junior High School Type/ Prek-12","All Races","Both Genders",0,0,"--                            ",0,"--                            ",0,"--                            ",,"--                            "
"2000","33089","03","2646","","03","High      ","N","Iowa-Grant","","High School Type/ PreK-12","All Races","Both Genders",301,0,"0.0000000000                  ",0,"0.0000000000                  ",0,"0.0000000000                  ",301,"100.0000000000                "
"2000","33089","03","2646","","03","El/Sec    ","N","Iowa-Grant","","Combined Elementary/Secondary School Type/ Prek-12","All Races","Both Genders",0,0,"--                            ",0,"--                            ",0,"--                            ",,"--                            "
"2000","33089","03","2646","","03","Summary   ","N","Iowa-Grant","","Grades PreK-12","All Races","Both Genders",1035,0,"0.0000000000                  ",0,"0.0000000000                  ",0,"0.0000000000                  ",1035,"100.0000000000                "
"2000","32030","03","2646","0020","04","Elem      ","N","Iowa-Grant","Iowa-Grant El/Mid","Grades PreK-12","All Races","Both Genders",734,0,"0.0000000000                  ",0,"0.0000000000                  ",0,"0.0000000000                  ",734,"100.0000000000                "
"2000","32031","03","2646","0040","04","High      ","N","Iowa-Grant","Iowa-Grant Hi","Grades PreK-12","All Races","Both Genders",301,0,"0.0000000000                  ",0,"0.0000000000                  ",0,"0.0000000000                  ",301,"100.0000000000                "
"2000","33098","03","2660","","03","Elem      ","N","Ithaca","","Elementary School Type/ Prek-12","All Races","Both Genders",172,0,"0.0000000000                  ",0,"0.0000000000                  ",0,"0.0000000000                  ",172,"100.0000000000                "
"2000","33098","03","2660","","03","Mid/Jr Hi ","N","Ithaca","","Middle/Junior High School Type/ Prek-12","All Races","Both Genders",90,0,"0.0000000000                  ",0,"0.0000000000                  ",0,"0.0000000000                  ",90,"100.0000000000                "
"2000","33098","03","2660","","03","High      ","N","Ithaca","","High School Type/ PreK-12","All Races","Both Genders",114,0,"0.0000000000                  ",0,"0.0000000000                  ",0,"0.0000000000                  ",114,"100.0000000000                "
"2000","33098","03","2660","","03","El/Sec    ","N","Ithaca","","Combined Elementary/Secondary School Type/ Prek-12","All Races","Both Genders",0,0,"--                            ",0,"--                            ",0,"--                            ",,"--                            "
"2000","33098","03","2660","","03","Summary   ","N","Ithaca","","Grades PreK-12","All Races","Both Genders",376,0,"0.0000000000                  ",0,"0.0000000000                  ",0,"0.0000000000                  ",376,"100.0000000000                "
"2000","32063","03","2660","0040","04","Elem      ","N","Ithaca","Ithaca El","Grades PreK-12","All Races","Both Genders",172,0,"0.0000000000                  ",0,"0.0000000000                  ",0,"0.0000000000                  ",172,"100.0000000000                "
"2000","32064","03","2660","0060","04","High      ","N","Ithaca","Ithaca Hi","Grades PreK-12","All Races","Both Genders",114,0,"0.0000000000                  ",0,"0.0000000000                  ",0,"0.0000000000                  ",114,"100.0000000000                "
"2000","32065","03","2660","0080","04","Mid/Jr Hi ","N","Ithaca","Ithaca Middle","Grades PreK-12","All Races","Both Genders",90,0,"0.0000000000                  ",0,"0.0000000000                  ",0,"0.0000000000                  ",90,"100.0000000000                "
"2000","33107","03","2912","","03","Elem      ","N","Lancaster Community","","Elementary School Type/ Prek-12","All Races","Both Genders",384,0,"0.0000000000                  ",0,"0.0000000000                  ",0,"0.0000000000                  ",384,"100.0000000000                "
"2000","33107","03","2912","","03","Mid/Jr Hi ","N","Lancaster Community","","Middle/Junior High School Type/ Prek-12","All Races","Both Genders",388,0,"0.0000000000                  ",0,"0.0000000000                  ",0,"0.0000000000                  ",388,"100.0000000000                "
"2000","33107","03","2912","","03","High      ","N","Lancaster Community","","High School Type/ PreK-12","All Races","Both Genders",413,0,"0.0000000000                  ",0,"0.0000000000                  ",0,"0.0000000000                  ",413,"100.0000000000                "
"2000","33107","03","2912","","03","El/Sec    ","N","Lancaster Community","","Combined Elementary/Secondary School Type/ Prek-12","All Races","Both Genders",0,0,"--                            ",0,"--                            ",0,"--                            ",,"--                            "
"2000","33107","03","2912","","03","Summary   ","N","Lancaster Community","","Grades PreK-12","All Races","Both Genders",1185,0,"0.0000000000                  ",0,"0.0000000000                  ",0,"0.0000000000                  ",1185,"100.0000000000                "
"2000","32122","03","2912","0020","04","High      ","N","Lancaster Community","Lancaster Hi","Grades PreK-12","All Races","Both Genders",398,0,"0.0000000000                  ",0,"0.0000000000                  ",0,"0.0000000000                  ",398,"100.0000000000                "
"2000","32123","03","2912","0040","04","Mid/Jr Hi ","N","Lancaster Community","Lancaster Mid","Grades PreK-12","All Races","Both Genders",388,0,"0.0000000000                  ",0,"0.0000000000                  ",0,"0.0000000000                  ",388,"100.0000000000                "
"2000","32124","03","2912","0060","04","Elem      ","N","Lancaster Community","Winskill El","Grades PreK-12","All Races","Both Genders",384,0,"0.0000000000                  ",0,"0.0000000000                  ",0,"0.0000000000                  ",384,"100.0000000000                "
"2000","32800","03","2912","0400","04","High      ","Y","Lancaster Community","Lancaster Academy","Grades PreK-12","All Races","Both Genders",15,0,"0.0000000000                  ",0,"0.0000000000                  ",0,"0.0000000000                  ",15,"100.0000000000                "
"2000","33090","03","3633","","03","Elem      ","N","Mineral Point","","Elementary School Type/ Prek-12","All Races","Both Genders",406,0,"0.0000000000                  ",0,"0.0000000000                  ",0,"0.0000000000                  ",406,"100.0000000000                "
"2000","33090","03","3633","","03","Mid/Jr Hi ","N","Mineral Point","","Middle/Junior High School Type/ Prek-12","All Races","Both Genders",178,0,"0.0000000000                  ",0,"0.0000000000                  ",0,"0.0000000000                  ",178,"100.0000000000                "
"2000","33090","03","3633","","03","High      ","N","Mineral Point","","High School Type/ PreK-12","All Races","Both Genders",245,0,"0.0000000000                  ",0,"0.0000000000                  ",0,"0.0000000000                  ",245,"100.0000000000                "
"2000","33090","03","3633","","03","El/Sec    ","N","Mineral Point","","Combined Elementary/Secondary School Type/ Prek-12","All Races","Both Genders",0,0,"--                            ",0,"--                            ",0,"--                            ",,"--                            "
"2000","33090","03","3633","","03","Summary   ","N","Mineral Point","","Grades PreK-12","All Races","Both Genders",829,0,"0.0000000000                  ",0,"0.0000000000                  ",0,"0.0000000000                  ",829,"100.0000000000                "
"2000","31185","03","3633","0060","04","Elem      ","N","Mineral Point","Mineral Point El","Grades PreK-12","All Races","Both Genders",406,0,"0.0000000000                  ",0,"0.0000000000                  ",0,"0.0000000000                  ",406,"100.0000000000                "
"2000","32033","03","3633","0080","04","High      ","N","Mineral Point","Mineral Point Hi","Grades PreK-12","All Races","Both Genders",245,0,"0.0000000000                  ",0,"0.0000000000                  ",0,"0.0000000000                  ",245,"100.0000000000                "
"2000","32034","03","3633","0090","04","Mid/Jr Hi ","N","Mineral Point","Mineral Point Mid","Grades PreK-12","All Races","Both Genders",178,0,"0.0000000000                  ",0,"0.0000000000                  ",0,"0.0000000000                  ",178,"100.0000000000                "
"2000","33094","03","3850","","03","Elem      ","N","Riverdale","","Elementary School Type/ Prek-12","All Races","Both Genders",392,0,"0.0000000000                  ",0,"0.0000000000                  ",0,"0.0000000000                  ",392,"100.0000000000                "
"2000","33094","03","3850","","03","Mid/Jr Hi ","N","Riverdale","","Middle/Junior High School Type/ Prek-12","All Races","Both Genders",236,0,"0.0000000000                  ",0,"0.0000000000                  ",0,"0.0000000000                  ",236,"100.0000000000                "
"2000","33094","03","3850","","03","High      ","N","Riverdale","","High School Type/ PreK-12","All Races","Both Genders",317,0,"0.0000000000                  ",0,"0.0000000000                  ",0,"0.0000000000                  ",317,"100.0000000000                "
"2000","33094","03","3850","","03","El/Sec    ","N","Riverdale","","Combined Elementary/Secondary School Type/ Prek-12","All Races","Both Genders",0,0,"--                            ",0,"--                            ",0,"--                            ",,"--                            "
"2000","33094","03","3850","","03","Summary   ","N","Riverdale","","Grades PreK-12","All Races","Both Genders",945,0,"0.0000000000                  ",0,"0.0000000000                  ",0,"0.0000000000                  ",945,"100.0000000000                "
"2000","32775","03","3850","0120","04","High      ","N","Riverdale","Riverdale Hi","Grades PreK-12","All Races","Both Genders",317,0,"0.0000000000                  ",0,"0.0000000000                  ",0,"0.0000000000                  ",317,"100.0000000000                "
"2000","32774","03","3850","0150","04","Elem      ","N","Riverdale","Riverdale El","Grades PreK-12","All Races","Both Genders",392,0,"0.0000000000                  ",0,"0.0000000000                  ",0,"0.0000000000                  ",392,"100.0000000000                "
"2000","32776","03","3850","0160","04","Mid/Jr Hi ","N","Riverdale","Riverdale Mid","Grades PreK-12","All Races","Both Genders",236,0,"0.0000000000                  ",0,"0.0000000000                  ",0,"0.0000000000                  ",236,"100.0000000000                "
"2000","33108","03","4389","","03","Elem      ","N","Platteville","","Elementary School Type/ Prek-12","All Races","Both Genders",548,0,"0.0000000000                  ",0,"0.0000000000                  ",1,"0.1824817500                  ",547,"99.8175182400                 "
"2000","33108","03","4389","","03","Mid/Jr Hi ","N","Platteville","","Middle/Junior High School Type/ Prek-12","All Races","Both Genders",482,0,"0.0000000000                  ",0,"0.0000000000                  ",3,"0.6224066300                  ",479,"99.3775933600                 "
"2000","33108","03","4389","","03","High      ","N","Platteville","","High School Type/ PreK-12","All Races","Both Genders",637,0,"0.0000000000                  ",0,"0.0000000000                  ",2,"0.3139717400                  ",635,"99.6860282500                 "
"2000","33108","03","4389","","03","El/Sec    ","N","Platteville","","Combined Elementary/Secondary School Type/ Prek-12","All Races","Both Genders",0,0,"--                            ",0,"--                            ",0,"--                            ",,"--                            "
"2000","33108","03","4389","","03","Summary   ","N","Platteville","","Grades PreK-12","All Races","Both Genders",1667,0,"0.0000000000                  ",0,"0.0000000000                  ",6,"0.3599280100                  ",1661,"99.6400719800                 "
"2000","32127","03","4389","0020","04","Elem      ","N","Platteville","Wilkins El","Grades PreK-12","All Races","Both Genders",188,0,"0.0000000000                  ",0,"0.0000000000                  ",0,"0.0000000000                  ",188,"100.0000000000                "
"2000","32128","03","4389","0040","04","Elem      ","N","Platteville","Gray El","Grades PreK-12","All Races","Both Genders",193,0,"0.0000000000                  ",0,"0.0000000000                  ",1,"0.5181347100                  ",192,"99.4818652800                 "
"2000","32129","03","4389","0060","04","High      ","N","Platteville","Platteville Hi","Grades PreK-12","All Races","Both Genders",637,0,"0.0000000000                  ",0,"0.0000000000                  ",2,"0.3139717400                  ",635,"99.6860282500                 "
"2000","32130","03","4389","0080","04","Mid/Jr Hi ","N","Platteville","Platteville Mid","Grades PreK-12","All Races","Both Genders",482,0,"0.0000000000                  ",0,"0.0000000000                  ",3,"0.6224066300                  ",479,"99.3775933600                 "
"2000","32131","03","4389","0120","04","Elem      ","N","Platteville","Westview El","Grades PreK-12","All Races","Both Genders",167,0,"0.0000000000                  ",0,"0.0000000000                  ",0,"0.0000000000                  ",167,"100.0000000000                "
"2000","33109","03","4529","","03","Elem      ","N","Potosi","","Elementary School Type/ Prek-12","All Races","Both Genders",184,0,"0.0000000000                  ",0,"0.0000000000                  ",0,"0.0000000000                  ",184,"100.0000000000                "
"2000","33109","03","4529","","03","Mid/Jr Hi ","N","Potosi","","Middle/Junior High School Type/ Prek-12","All Races","Both Genders",99,0,"0.0000000000                  ",0,"0.0000000000                  ",0,"0.0000000000                  ",99,"100.0000000000                "
"2000","33109","03","4529","","03","High      ","N","Potosi","","High School Type/ PreK-12","All Races","Both Genders",149,0,"0.0000000000                  ",0,"0.0000000000                  ",0,"0.0000000000                  ",149,"100.0000000000                "
"2000","33109","03","4529","","03","El/Sec    ","N","Potosi","","Combined Elementary/Secondary School Type/ Prek-12","All Races","Both Genders",0,0,"--                            ",0,"--                            ",0,"--                            ",,"--                            "
"2000","33109","03","4529","","03","Summary   ","N","Potosi","","Grades PreK-12","All Races","Both Genders",432,0,"0.0000000000                  ",0,"0.0000000000                  ",0,"0.0000000000                  ",432,"100.0000000000                "
"2000","32132","03","4529","0020","04","Elem      ","N","Potosi","Potosi El","Grades PreK-12","All Races","Both Genders",184,0,"0.0000000000                  ",0,"0.0000000000                  ",0,"0.0000000000                  ",184,"100.0000000000                "
"2000","32133","03","4529","0040","04","High      ","N","Potosi","Potosi Hi","Grades PreK-12","All Races","Both Genders",149,0,"0.0000000000                  ",0,"0.0000000000                  ",0,"0.0000000000                  ",149,"100.0000000000                "
"2000","32802","03","4529","0200","04","Mid/Jr Hi ","N","Potosi","Potosi Mid","Grades PreK-12","All Races","Both Genders",99,0,"0.0000000000                  ",0,"0.0000000000                  ",0,"0.0000000000                  ",99,"100.0000000000                "
"2000","32918","03","4543","","03","Elem      ","N","Prairie du Chien Area","","Elementary School Type/ Prek-12","All Races","Both Genders",754,0,"0.0000000000                  ",0,"0.0000000000                  ",0,"0.0000000000                  ",754,"100.0000000000                "
"2000","32918","03","4543","","03","Mid/Jr Hi ","N","Prairie du Chien Area","","Middle/Junior High School Type/ Prek-12","All Races","Both Genders",0,0,"--                            ",0,"--                            ",0,"--                            ",,"--                            "
"2000","32918","03","4543","","03","High      ","N","Prairie du Chien Area","","High School Type/ PreK-12","All Races","Both Genders",531,0,"0.0000000000                  ",0,"0.0000000000                  ",0,"0.0000000000                  ",531,"100.0000000000                "
"2000","32918","03","4543","","03","El/Sec    ","N","Prairie du Chien Area","","Combined Elementary/Secondary School Type/ Prek-12","All Races","Both Genders",0,0,"--                            ",0,"--                            ",0,"--                            ",,"--                            "
"2000","32918","03","4543","","03","Summary   ","N","Prairie du Chien Area","","Grades PreK-12","All Races","Both Genders",1285,0,"0.0000000000                  ",0,"0.0000000000                  ",0,"0.0000000000                  ",1285,"100.0000000000                "
"2000","31473","03","4543","0020","04","Elem      ","N","Prairie du Chien Area","Eastman El","Grades PreK-12","All Races","Both Genders",42,0,"0.0000000000                  ",0,"0.0000000000                  ",0,"0.0000000000                  ",42,"100.0000000000                "
"2000","32136","03","4543","0060","04","High      ","N","Prairie du Chien Area","Prairie du Chien Hi","Grades PreK-12","All Races","Both Genders",531,0,"0.0000000000                  ",0,"0.0000000000                  ",0,"0.0000000000                  ",531,"100.0000000000                "
"2000","33845","03","4543","0100","04","Elem      ","N","Prairie du Chien Area","Bluff View El","Grades PreK-12","All Races","Both Genders",712,0,"0.0000000000                  ",0,"0.0000000000                  ",0,"0.0000000000                  ",712,"100.0000000000                "
"2000","33099","03","4851","","03","Elem      ","N","Richland","","Elementary School Type/ Prek-12","All Races","Both Genders",855,0,"0.0000000000                  ",0,"0.0000000000                  ",0,"0.0000000000                  ",855,"100.0000000000                "
"2000","33099","03","4851","","03","Mid/Jr Hi ","N","Richland","","Middle/Junior High School Type/ Prek-12","All Races","Both Genders",242,0,"0.0000000000                  ",0,"0.0000000000                  ",0,"0.0000000000                  ",242,"100.0000000000                "
"2000","33099","03","4851","","03","High      ","N","Richland","","High School Type/ PreK-12","All Races","Both Genders",634,0,"0.0000000000                  ",0,"0.0000000000                  ",0,"0.0000000000                  ",634,"100.0000000000                "
"2000","33099","03","4851","","03","El/Sec    ","N","Richland","","Combined Elementary/Secondary School Type/ Prek-12","All Races","Both Genders",0,0,"--                            ",0,"--                            ",0,"--                            ",,"--                            "
"2000","33099","03","4851","","03","Summary   ","N","Richland","","Grades PreK-12","All Races","Both Genders",1731,0,"0.0000000000                  ",0,"0.0000000000                  ",0,"0.0000000000                  ",1731,"100.0000000000                "
"2000","31982","03","4851","0020","04","Elem      ","N","Richland","Akan Central El","Grades PreK-12","All Races","Both Genders",34,0,"0.0000000000                  ",0,"0.0000000000                  ",0,"0.0000000000                  ",34,"100.0000000000                "
"2000","32066","03","4851","0030","04","Elem      ","N","Richland","Doudna El","Grades PreK-12","All Races","Both Genders",388,0,"0.0000000000                  ",0,"0.0000000000                  ",0,"0.0000000000                  ",388,"100.0000000000                "
"2000","32067","03","4851","0240","04","Elem      ","N","Richland","Jefferson El","Grades PreK-12","All Races","Both Genders",159,0,"0.0000000000                  ",0,"0.0000000000                  ",0,"0.0000000000                  ",159,"100.0000000000                "
"2000","32068","03","4851","0260","04","Elem      ","N","Richland","Lincoln El","Grades PreK-12","All Races","Both Genders",101,0,"0.0000000000                  ",0,"0.0000000000                  ",0,"0.0000000000                  ",101,"100.0000000000                "
"2000","32069","03","4851","0280","04","Mid/Jr Hi ","N","Richland","Richland Mid","Grades PreK-12","All Races","Both Genders",242,0,"0.0000000000                  ",0,"0.0000000000                  ",0,"0.0000000000                  ",242,"100.0000000000                "
"2000","32070","03","4851","0320","04","High      ","N","Richland","Richland Center Hi","Grades PreK-12","All Races","Both Genders",634,0,"0.0000000000                  ",0,"0.0000000000                  ",0,"0.0000000000                  ",634,"100.0000000000                "
"2000","32071","03","4851","0360","04","Elem      ","N","Richland","Rockbridge El","Grades PreK-12","All Races","Both Genders",119,0,"0.0000000000                  ",0,"0.0000000000                  ",0,"0.0000000000                  ",119,"100.0000000000                "
"2000","32072","03","4851","0420","04","Elem      ","N","Richland","Washington El","Grades PreK-12","All Races","Both Genders",54,0,"0.0000000000                  ",0,"0.0000000000                  ",0,"0.0000000000                  ",54,"100.0000000000                "
"2000","33021","03","4904","","03","Elem      ","N","River Ridge","","Elementary School Type/ Prek-12","All Races","Both Genders",242,0,"0.0000000000                  ",0,"0.0000000000                  ",1,"0.4132231400                  ",241,"99.5867768500                 "
"2000","33021","03","4904","","03","Mid/Jr Hi ","N","River Ridge","","Middle/Junior High School Type/ Prek-12","All Races","Both Genders",194,1,"0.5154639100                  ",0,"0.0000000000                  ",0,"0.0000000000                  ",193,"99.4845360800                 "
"2000","33021","03","4904","","03","High      ","N","River Ridge","","High School Type/ PreK-12","All Races","Both Genders",257,0,"0.0000000000                  ",0,"0.0000000000                  ",0,"0.0000000000                  ",257,"100.0000000000                "
"2000","33021","03","4904","","03","El/Sec    ","N","River Ridge","","Combined Elementary/Secondary School Type/ Prek-12","All Races","Both Genders",0,0,"--                            ",0,"--                            ",0,"--                            ",,"--                            "
"2000","33021","03","4904","","03","Summary   ","N","River Ridge","","Grades PreK-12","All Races","Both Genders",693,1,"0.1443001400                  ",0,"0.0000000000                  ",1,"0.1443001400                  ",691,"99.7113997100                 "
"2000","32125","03","4904","0020","04","Elem      ","N","River Ridge","River Ridge El","Grades PreK-12","All Races","Both Genders",242,0,"0.0000000000                  ",0,"0.0000000000                  ",1,"0.4132231400                  ",241,"99.5867768500                 "
"2000","31235","03","4904","0040","04","Mid/Jr Hi ","N","River Ridge","River Ridge Mid","Grades PreK-12","All Races","Both Genders",194,1,"0.5154639100                  ",0,"0.0000000000                  ",0,"0.0000000000                  ",193,"99.4845360800                 "
"2000","32126","03","4904","0080","04","High      ","N","River Ridge","River Ridge Hi","Grades PreK-12","All Races","Both Genders",257,0,"0.0000000000                  ",0,"0.0000000000                  ",0,"0.0000000000                  ",257,"100.0000000000                "
"2000","33203","03","5124","","03","Elem      ","N","Seneca","","Elementary School Type/ Prek-12","All Races","Both Genders",201,0,"0.0000000000                  ",0,"0.0000000000                  ",0,"0.0000000000                  ",201,"100.0000000000                "
"2000","33203","03","5124","","03","Mid/Jr Hi ","N","Seneca","","Middle/Junior High School Type/ Prek-12","All Races","Both Genders",60,0,"0.0000000000                  ",0,"0.0000000000                  ",0,"0.0000000000                  ",60,"100.0000000000                "
"2000","33203","03","5124","","03","High      ","N","Seneca","","High School Type/ PreK-12","All Races","Both Genders",141,0,"0.0000000000                  ",0,"0.0000000000                  ",0,"0.0000000000                  ",141,"100.0000000000                "
"2000","33203","03","5124","","03","El/Sec    ","N","Seneca","","Combined Elementary/Secondary School Type/ Prek-12","All Races","Both Genders",0,0,"--                            ",0,"--                            ",0,"--                            ",,"--                            "
"2000","33203","03","5124","","03","Summary   ","N","Seneca","","Grades PreK-12","All Races","Both Genders",402,0,"0.0000000000                  ",0,"0.0000000000                  ",0,"0.0000000000                  ",402,"100.0000000000                "
"2000","32521","03","5124","0028","04","Mid/Jr Hi ","N","Seneca","Seneca Jr","Grades PreK-12","All Races","Both Genders",60,0,"0.0000000000                  ",0,"0.0000000000                  ",0,"0.0000000000                  ",60,"100.0000000000                "
"2000","32522","03","5124","0060","04","Elem      ","N","Seneca","Seneca El","Grades PreK-12","All Races","Both Genders",139,0,"0.0000000000                  ",0,"0.0000000000                  ",0,"0.0000000000                  ",139,"100.0000000000                "
"2000","32523","03","5124","0080","04","High      ","N","Seneca","Seneca Hi","Grades PreK-12","All Races","Both Genders",141,0,"0.0000000000                  ",0,"0.0000000000                  ",0,"0.0000000000                  ",141,"100.0000000000                "
"2000","32524","03","5124","0100","04","Elem      ","N","Seneca","South El","Grades PreK-12","All Races","Both Genders",62,0,"0.0000000000                  ",0,"0.0000000000                  ",0,"0.0000000000                  ",62,"100.0000000000                "
"2000","32909","03","5362","","03","Elem      ","N","Shullsburg","","Elementary School Type/ Prek-12","All Races","Both Genders",207,0,"0.0000000000                  ",0,"0.0000000000                  ",0,"0.0000000000                  ",207,"100.0000000000                "
"2000","32909","03","5362","","03","Mid/Jr Hi ","N","Shullsburg","","Middle/Junior High School Type/ Prek-12","All Races","Both Genders",96,0,"0.0000000000                  ",0,"0.0000000000                  ",0,"0.0000000000                  ",96,"100.0000000000                "
"2000","32909","03","5362","","03","High      ","N","Shullsburg","","High School Type/ PreK-12","All Races","Both Genders",158,0,"0.0000000000                  ",0,"0.0000000000                  ",0,"0.0000000000                  ",158,"100.0000000000                "
"2000","32909","03","5362","","03","El/Sec    ","N","Shullsburg","","Combined Elementary/Secondary School Type/ Prek-12","All Races","Both Genders",0,0,"--                            ",0,"--                            ",0,"--                            ",,"--                            "
"2000","32909","03","5362","","03","Summary   ","N","Shullsburg","","Grades PreK-12","All Races","Both Genders",461,0,"0.0000000000                  ",0,"0.0000000000                  ",0,"0.0000000000                  ",461,"100.0000000000                "
"2000","31187","03","5362","0028","04","Mid/Jr Hi ","N","Shullsburg","Shullsburg Jr","Grades PreK-12","All Races","Both Genders",96,0,"0.0000000000                  ",0,"0.0000000000                  ",0,"0.0000000000                  ",96,"100.0000000000                "
"2000","31188","03","5362","0060","04","Elem      ","N","Shullsburg","Shullsburg El","Grades PreK-12","All Races","Both Genders",207,0,"0.0000000000                  ",0,"0.0000000000                  ",0,"0.0000000000                  ",207,"100.0000000000                "
"2000","31189","03","5362","0080","04","High      ","N","Shullsburg","Shullsburg Hi","Grades PreK-12","All Races","Both Genders",158,0,"0.0000000000                  ",0,"0.0000000000                  ",0,"0.0000000000                  ",158,"100.0000000000                "
"2000","32911","03","5523","","03","Elem      ","N","River Valley","","Elementary School Type/ Prek-12","All Races","Both Genders",609,0,"0.0000000000                  ",0,"0.0000000000                  ",0,"0.0000000000                  ",609,"100.0000000000                "
"2000","32911","03","5523","","03","Mid/Jr Hi ","N","River Valley","","Middle/Junior High School Type/ Prek-12","All Races","Both Genders",383,0,"0.0000000000                  ",0,"0.0000000000                  ",0,"0.0000000000                  ",383,"100.0000000000                "
"2000","32911","03","5523","","03","High      ","N","River Valley","","High School Type/ PreK-12","All Races","Both Genders",605,0,"0.0000000000                  ",0,"0.0000000000                  ",0,"0.0000000000                  ",605,"100.0000000000                "
"2000","32911","03","5523","","03","El/Sec    ","N","River Valley","","Combined Elementary/Secondary School Type/ Prek-12","All Races","Both Genders",0,0,"--                            ",0,"--                            ",0,"--                            ",,"--                            "
"2000","32911","03","5523","","03","Summary   ","N","River Valley","","Grades PreK-12","All Races","Both Genders",1597,0,"0.0000000000                  ",0,"0.0000000000                  ",0,"0.0000000000                  ",1597,"100.0000000000                "
"2000","31109","03","5523","0020","04","Elem      ","N","River Valley","Arena El","Grades PreK-12","All Races","Both Genders",120,0,"0.0000000000                  ",0,"0.0000000000                  ",0,"0.0000000000                  ",120,"100.0000000000                "
"2000","31162","03","5523","0080","04","Elem      ","N","River Valley","Lone Rock El","Grades PreK-12","All Races","Both Genders",134,0,"0.0000000000                  ",0,"0.0000000000                  ",0,"0.0000000000                  ",134,"100.0000000000                "
"2000","31193","03","5523","0100","04","Mid/Jr Hi ","N","River Valley","River Valley Mid","Grades PreK-12","All Races","Both Genders",383,0,"0.0000000000                  ",0,"0.0000000000                  ",0,"0.0000000000                  ",383,"100.0000000000                "
"2000","31194","03","5523","0110","04","High      ","N","River Valley","River Valley Hi","Grades PreK-12","All Races","Both Genders",605,0,"0.0000000000                  ",0,"0.0000000000                  ",0,"0.0000000000                  ",605,"100.0000000000                "
"2000","31192","03","5523","0120","04","Elem      ","N","River Valley","Spring Green El","Grades PreK-12","All Races","Both Genders",250,0,"0.0000000000                  ",0,"0.0000000000                  ",0,"0.0000000000                  ",250,"100.0000000000                "
"2000","32058","03","5523","0140","04","Elem      ","N","River Valley","Plain El","Grades PreK-12","All Races","Both Genders",105,0,"0.0000000000                  ",0,"0.0000000000                  ",0,"0.0000000000                  ",105,"100.0000000000                "
"2000","32986","03","5960","","03","Elem      ","N","Kickapoo Area","","Elementary School Type/ Prek-12","All Races","Both Genders",247,0,"0.0000000000                  ",0,"0.0000000000                  ",0,"0.0000000000                  ",247,"100.0000000000                "
"2000","32986","03","5960","","03","Mid/Jr Hi ","N","Kickapoo Area","","Middle/Junior High School Type/ Prek-12","All Races","Both Genders",0,0,"--                            ",0,"--                            ",0,"--                            ",,"--                            "
"2000","32986","03","5960","","03","High      ","N","Kickapoo Area","","High School Type/ PreK-12","All Races","Both Genders",245,0,"0.0000000000                  ",0,"0.0000000000                  ",0,"0.0000000000                  ",245,"100.0000000000                "
"2000","32986","03","5960","","03","El/Sec    ","N","Kickapoo Area","","Combined Elementary/Secondary School Type/ Prek-12","All Races","Both Genders",0,0,"--                            ",0,"--                            ",0,"--                            ",,"--                            "
"2000","32986","03","5960","","03","Summary   ","N","Kickapoo Area","","Grades PreK-12","All Races","Both Genders",492,0,"0.0000000000                  ",0,"0.0000000000                  ",0,"0.0000000000                  ",492,"100.0000000000                "
"2000","31508","03","5960","0020","04","High      ","N","Kickapoo Area","Kickapoo Hi","Grades PreK-12","All Races","Both Genders",245,0,"0.0000000000                  ",0,"0.0000000000                  ",0,"0.0000000000                  ",245,"100.0000000000                "
"2000","31509","03","5960","0060","04","Elem      ","N","Kickapoo Area","Viola El","Grades PreK-12","All Races","Both Genders",247,0,"0.0000000000                  ",0,"0.0000000000                  ",0,"0.0000000000                  ",247,"100.0000000000                "
"2000","32919","03","6251","","03","Elem      ","N","Wauzeka-Steuben","","Elementary School Type/ Prek-12","All Races","Both Genders",182,0,"0.0000000000                  ",0,"0.0000000000                  ",0,"0.0000000000                  ",182,"100.0000000000                "
"2000","32919","03","6251","","03","Mid/Jr Hi ","N","Wauzeka-Steuben","","Middle/Junior High School Type/ Prek-12","All Races","Both Genders",0,0,"--                            ",0,"--                            ",0,"--                            ",,"--                            "
"2000","32919","03","6251","","03","High      ","N","Wauzeka-Steuben","","High School Type/ PreK-12","All Races","Both Genders",185,0,"0.0000000000                  ",0,"0.0000000000                  ",0,"0.0000000000                  ",185,"100.0000000000                "
"2000","32919","03","6251","","03","El/Sec    ","N","Wauzeka-Steuben","","Combined Elementary/Secondary School Type/ Prek-12","All Races","Both Genders",0,0,"--                            ",0,"--                            ",0,"--                            ",,"--                            "
"2000","32919","03","6251","","03","Summary   ","N","Wauzeka-Steuben","","Grades PreK-12","All Races","Both Genders",367,0,"0.0000000000                  ",0,"0.0000000000                  ",0,"0.0000000000                  ",367,"100.0000000000                "
"2000","31245","03","6251","0020","04","Elem      ","N","Wauzeka-Steuben","Wauzeka El","Grades PreK-12","All Races","Both Genders",182,0,"0.0000000000                  ",0,"0.0000000000                  ",0,"0.0000000000                  ",182,"100.0000000000                "
"2000","31246","03","6251","0040","04","High      ","N","Wauzeka-Steuben","Wauzeka Hi","Grades PreK-12","All Races","Both Genders",185,0,"0.0000000000                  ",0,"0.0000000000                  ",0,"0.0000000000                  ",185,"100.0000000000                "
"2000","33113","03","6354","","03","Elem      ","N","Weston","","Elementary School Type/ Prek-12","All Races","Both Genders",173,0,"0.0000000000                  ",0,"0.0000000000                  ",0,"0.0000000000                  ",173,"100.0000000000                "
"2000","33113","03","6354","","03","Mid/Jr Hi ","N","Weston","","Middle/Junior High School Type/ Prek-12","All Races","Both Genders",99,0,"0.0000000000                  ",0,"0.0000000000                  ",0,"0.0000000000                  ",99,"100.0000000000                "
"2000","33113","03","6354","","03","High      ","N","Weston","","High School Type/ PreK-12","All Races","Both Genders",136,0,"0.0000000000                  ",0,"0.0000000000                  ",0,"0.0000000000                  ",136,"100.0000000000                "
"2000","33113","03","6354","","03","El/Sec    ","N","Weston","","Combined Elementary/Secondary School Type/ Prek-12","All Races","Both Genders",0,0,"--                            ",0,"--                            ",0,"--                            ",,"--                            "
"2000","33113","03","6354","","03","Summary   ","N","Weston","","Grades PreK-12","All Races","Both Genders",408,0,"0.0000000000                  ",0,"0.0000000000                  ",0,"0.0000000000                  ",408,"100.0000000000                "
"2000","32158","03","6354","0100","04","High      ","N","Weston","Weston Hi","Grades PreK-12","All Races","Both Genders",136,0,"0.0000000000                  ",0,"0.0000000000                  ",0,"0.0000000000                  ",136,"100.0000000000                "
"2000","32159","03","6354","0120","04","Mid/Jr Hi ","N","Weston","Weston Mid","Grades PreK-12","All Races","Both Genders",99,0,"0.0000000000                  ",0,"0.0000000000                  ",0,"0.0000000000                  ",99,"100.0000000000                "
"2000","32160","03","6354","0160","04","Elem      ","N","Weston","Weston El","Grades PreK-12","All Races","Both Genders",173,0,"0.0000000000                  ",0,"0.0000000000                  ",0,"0.0000000000                  ",173,"100.0000000000                "
