"year","agency_key","CESA","district_number","school_number","agency_type","school_type","charter","district_name","school_name","grade_label","total_enrollment_prek-12","number_female","percent_female","number_male","percent_male","number_am_ind","percent_am_ind","number_asian","percent_asian","number_black","percent_black","number_hispanic","percent_hispanic","number_white","percent_white"
"2002","48230","12","0170","","03","Elem      ","N","Ashland","","Elementary School Type/ Prek-12","568",281,"49.471800                     ",287,"50.528100                     ",115,"20.246400                     ",0,"0.000000                      ",1,"0.176000                      ",1,"0.176000                      ",451,"79.401400                     "
"2002","48230","12","0170","","03","Mid/Jr Hi ","N","Ashland","","Middle/Junior High School Type/ Prek-12","944",443,"46.927900                     ",501,"53.072000                     ",219,"23.199100                     ",1,"0.105900                      ",2,"0.211800                      ",0,"0.000000                      ",722,"76.483000                     "
"2002","48230","12","0170","","03","High      ","N","Ashland","","High School Type/ PreK-12","765",343,"44.836600                     ",422,"55.163300                     ",119,"15.555500                     ",2,"0.261400                      ",6,"0.784300                      ",1,"0.130700                      ",637,"83.267900                     "
"2002","48230","12","0170","","03","El/Sec    ","N","Ashland","","Combined Elementary/Secondary School Type/ Prek-12","0",0,"--                            ",0,"--                            ",0,"--                            ",0,"--                            ",0,"--                            ",0,"--                            ",0,"--                            "
"2002","48230","12","0170","","03","Summary   ","N","Ashland","","Grades PreK-12","2277",1067,"46.859900                     ",1210,"53.140000                     ",453,"19.894500                     ",3,"0.131700                      ",9,"0.395200                      ",2,"0.087800                      ",1810,"79.490500                     "
"2002","47831","12","0170","0020","04","High      ","N","Ashland","Ashland Hi","Grades PreK-12","765",343,"44.836600                     ",422,"55.163300                     ",119,"15.555500                     ",2,"0.261400                      ",6,"0.784300                      ",1,"0.130700                      ",637,"83.267900                     "
"2002","47832","12","0170","0030","04","Mid/Jr Hi ","N","Ashland","Ashland Mid","Grades PreK-12","533",244,"45.778600                     ",289,"54.221300                     ",117,"21.951200                     ",1,"0.187600                      ",2,"0.375200                      ",0,"0.000000                      ",413,"77.485900                     "
"2002","47833","12","0170","0060","04","Mid/Jr Hi ","N","Ashland","Lake Superior Intermediate","Grades PreK-12","411",199,"48.418400                     ",212,"51.581500                     ",102,"24.817500                     ",0,"0.000000                      ",0,"0.000000                      ",0,"0.000000                      ",309,"75.182400                     "
"2002","47834","12","0170","0080","04","Elem      ","N","Ashland","Lake Superior Primary","Grades PreK-12","411",200,"48.661800                     ",211,"51.338100                     ",115,"27.980500                     ",0,"0.000000                      ",0,"0.000000                      ",1,"0.243300                      ",295,"71.776100                     "
"2002","47835","12","0170","0120","04","Elem      ","N","Ashland","Marengo Valley El","Grades PreK-12","157",81,"51.592300                     ",76,"48.407600                     ",0,"0.000000                      ",0,"0.000000                      ",1,"0.636900                      ",0,"0.000000                      ",156,"99.363000                     "
"2002","48233","12","0315","","03","Elem      ","N","Bayfield","","Elementary School Type/ Prek-12","241",118,"48.962600                     ",123,"51.037300                     ",176,"73.029000                     ",0,"0.000000                      ",1,"0.414900                      ",2,"0.829800                      ",62,"25.726100                     "
"2002","48233","12","0315","","03","Mid/Jr Hi ","N","Bayfield","","Middle/Junior High School Type/ Prek-12","122",61,"50.000000                     ",61,"50.000000                     ",76,"62.295000                     ",0,"0.000000                      ",0,"0.000000                      ",0,"0.000000                      ",46,"37.704900                     "
"2002","48233","12","0315","","03","High      ","N","Bayfield","","High School Type/ PreK-12","181",91,"50.276200                     ",90,"49.723700                     ",119,"65.745800                     ",0,"0.000000                      ",0,"0.000000                      ",0,"0.000000                      ",62,"34.254100                     "
"2002","48233","12","0315","","03","El/Sec    ","N","Bayfield","","Combined Elementary/Secondary School Type/ Prek-12","0",0,"--                            ",0,"--                            ",0,"--                            ",0,"--                            ",0,"--                            ",0,"--                            ",0,"--                            "
"2002","48233","12","0315","","03","Summary   ","N","Bayfield","","Grades PreK-12","544",270,"49.632300                     ",274,"50.367600                     ",371,"68.198500                     ",0,"0.000000                      ",1,"0.183800                      ",2,"0.367600                      ",170,"31.250000                     "
"2002","46946","12","0315","0020","04","Elem      ","N","Bayfield","Bayfield El","Grades PreK-12","224",110,"49.107100                     ",114,"50.892800                     ",174,"77.678500                     ",0,"0.000000                      ",1,"0.446400                      ",2,"0.892800                      ",47,"20.982100                     "
"2002","46947","12","0315","0030","04","Mid/Jr Hi ","N","Bayfield","Bayfield Mid","Grades PreK-12","122",61,"50.000000                     ",61,"50.000000                     ",76,"62.295000                     ",0,"0.000000                      ",0,"0.000000                      ",0,"0.000000                      ",46,"37.704900                     "
"2002","46948","12","0315","0040","04","High      ","N","Bayfield","Bayfield Hi","Grades PreK-12","181",91,"50.276200                     ",90,"49.723700                     ",119,"65.745800                     ",0,"0.000000                      ",0,"0.000000                      ",0,"0.000000                      ",62,"34.254100                     "
"2002","46956","12","0315","0060","04","Elem      ","N","Bayfield","La Pointe El","Grades PreK-12","17",8,"47.058800                     ",9,"52.941100                     ",2,"11.764700                     ",0,"0.000000                      ",0,"0.000000                      ",0,"0.000000                      ",15,"88.235200                     "
"2002","48201","12","0840","","03","Elem      ","N","Butternut","","Elementary School Type/ Prek-12","105",47,"44.761900                     ",58,"55.238000                     ",3,"2.857100                      ",1,"0.952300                      ",0,"0.000000                      ",0,"0.000000                      ",101,"96.190400                     "
"2002","48201","12","0840","","03","Mid/Jr Hi ","N","Butternut","","Middle/Junior High School Type/ Prek-12","0",0,"--                            ",0,"--                            ",0,"--                            ",0,"--                            ",0,"--                            ",0,"--                            ",0,"--                            "
"2002","48201","12","0840","","03","High      ","N","Butternut","","High School Type/ PreK-12","123",53,"43.089400                     ",70,"56.910500                     ",2,"1.626000                      ",0,"0.000000                      ",1,"0.813000                      ",0,"0.000000                      ",120,"97.560900                     "
"2002","48201","12","0840","","03","El/Sec    ","N","Butternut","","Combined Elementary/Secondary School Type/ Prek-12","0",0,"--                            ",0,"--                            ",0,"--                            ",0,"--                            ",0,"--                            ",0,"--                            ",0,"--                            "
"2002","48201","12","0840","","03","Summary   ","N","Butternut","","Grades PreK-12","228",100,"43.859600                     ",128,"56.140300                     ",5,"2.192900                      ",1,"0.438500                      ",1,"0.438500                      ",0,"0.000000                      ",221,"96.929800                     "
"2002","46834","12","0840","0020","04","Elem      ","N","Butternut","Butternut El","Grades PreK-12","105",47,"44.761900                     ",58,"55.238000                     ",3,"2.857100                      ",1,"0.952300                      ",0,"0.000000                      ",0,"0.000000                      ",101,"96.190400                     "
"2002","46835","12","0840","0040","04","High      ","N","Butternut","Butternut Hi","Grades PreK-12","123",53,"43.089400                     ",70,"56.910500                     ",2,"1.626000                      ",0,"0.000000                      ",1,"0.813000                      ",0,"0.000000                      ",120,"97.560900                     "
"2002","48469","12","1491","","03","Elem      ","N","Drummond Area","","Elementary School Type/ Prek-12","305",151,"49.508100                     ",154,"50.491800                     ",3,"0.983600                      ",0,"0.000000                      ",2,"0.655700                      ",0,"0.000000                      ",300,"98.360600                     "
"2002","48469","12","1491","","03","Mid/Jr Hi ","N","Drummond Area","","Middle/Junior High School Type/ Prek-12","86",50,"58.139500                     ",36,"41.860400                     ",6,"6.976700                      ",0,"0.000000                      ",0,"0.000000                      ",0,"0.000000                      ",80,"93.023200                     "
"2002","48469","12","1491","","03","High      ","N","Drummond Area","","High School Type/ PreK-12","186",87,"46.774100                     ",99,"53.225800                     ",4,"2.150500                      ",1,"0.537600                      ",0,"0.000000                      ",0,"0.000000                      ",181,"97.311800                     "
"2002","48469","12","1491","","03","El/Sec    ","N","Drummond Area","","Combined Elementary/Secondary School Type/ Prek-12","0",0,"--                            ",0,"--                            ",0,"--                            ",0,"--                            ",0,"--                            ",0,"--                            ",0,"--                            "
"2002","48469","12","1491","","03","Summary   ","N","Drummond Area","","Grades PreK-12","577",288,"49.913300                     ",289,"50.086600                     ",13,"2.253000                      ",1,"0.173300                      ",2,"0.346600                      ",0,"0.000000                      ",561,"97.227000                     "
"2002","47837","12","1491","0020","04","Elem      ","N","Drummond Area","Drummond El","Grades PreK-12","305",151,"49.508100                     ",154,"50.491800                     ",3,"0.983600                      ",0,"0.000000                      ",2,"0.655700                      ",0,"0.000000                      ",300,"98.360600                     "
"2002","47838","12","1491","0040","04","High      ","N","Drummond Area","Drummond Hi","Grades PreK-12","177",83,"46.892600                     ",94,"53.107300                     ",3,"1.694900                      ",1,"0.564900                      ",0,"0.000000                      ",0,"0.000000                      ",173,"97.740100                     "
"2002","47839","12","1491","0050","04","Mid/Jr Hi ","N","Drummond Area","Drummond Jr","Grades PreK-12","86",50,"58.139500                     ",36,"41.860400                     ",6,"6.976700                      ",0,"0.000000                      ",0,"0.000000                      ",0,"0.000000                      ",80,"93.023200                     "
"2002","49704","12","1491","9400","04","High      ","Y","Drummond Area","Ascend Academy","Grades PreK-12","9",4,"44.444400                     ",5,"55.555500                     ",1,"11.111100                     ",0,"0.000000                      ",0,"0.000000                      ",0,"0.000000                      ",8,"88.888800                     "
"2002","48204","12","2205","","03","Elem      ","N","Glidden","","Elementary School Type/ Prek-12","107",45,"42.056000                     ",62,"57.943900                     ",0,"0.000000                      ",0,"0.000000                      ",0,"0.000000                      ",0,"0.000000                      ",107,"100.000000                    "
"2002","48204","12","2205","","03","Mid/Jr Hi ","N","Glidden","","Middle/Junior High School Type/ Prek-12","56",22,"39.285700                     ",34,"60.714200                     ",0,"0.000000                      ",0,"0.000000                      ",0,"0.000000                      ",0,"0.000000                      ",56,"100.000000                    "
"2002","48204","12","2205","","03","High      ","N","Glidden","","High School Type/ PreK-12","107",52,"48.598100                     ",55,"51.401800                     ",0,"0.000000                      ",0,"0.000000                      ",0,"0.000000                      ",0,"0.000000                      ",107,"100.000000                    "
"2002","48204","12","2205","","03","El/Sec    ","N","Glidden","","Combined Elementary/Secondary School Type/ Prek-12","0",0,"--                            ",0,"--                            ",0,"--                            ",0,"--                            ",0,"--                            ",0,"--                            ",0,"--                            "
"2002","48204","12","2205","","03","Summary   ","N","Glidden","","Grades PreK-12","270",119,"44.074000                     ",151,"55.925900                     ",0,"0.000000                      ",0,"0.000000                      ",0,"0.000000                      ",0,"0.000000                      ",270,"100.000000                    "
"2002","49372","12","2205","0020","04","Elem      ","N","Glidden","Glidden El","Grades PreK-12","107",45,"42.056000                     ",62,"57.943900                     ",0,"0.000000                      ",0,"0.000000                      ",0,"0.000000                      ",0,"0.000000                      ",107,"100.000000                    "
"2002","46844","12","2205","0030","04","Mid/Jr Hi ","N","Glidden","Glidden Mid","Grades PreK-12","56",22,"39.285700                     ",34,"60.714200                     ",0,"0.000000                      ",0,"0.000000                      ",0,"0.000000                      ",0,"0.000000                      ",56,"100.000000                    "
"2002","46845","12","2205","0040","04","High      ","N","Glidden","Glidden Hi","Grades PreK-12","107",52,"48.598100                     ",55,"51.401800                     ",0,"0.000000                      ",0,"0.000000                      ",0,"0.000000                      ",0,"0.000000                      ",107,"100.000000                    "
"2002","48472","12","2478","","03","Elem      ","N","Hayward Community","","Elementary School Type/ Prek-12","838",399,"47.613300                     ",439,"52.386600                     ",210,"25.059600                     ",4,"0.477300                      ",3,"0.357900                      ",7,"0.835300                      ",614,"73.269600                     "
"2002","48472","12","2478","","03","Mid/Jr Hi ","N","Hayward Community","","Middle/Junior High School Type/ Prek-12","508",248,"48.818800                     ",260,"51.181100                     ",136,"26.771600                     ",2,"0.393700                      ",0,"0.000000                      ",5,"0.984200                      ",365,"71.850300                     "
"2002","48472","12","2478","","03","High      ","N","Hayward Community","","High School Type/ PreK-12","626",306,"48.881700                     ",320,"51.118200                     ",124,"19.808300                     ",3,"0.479200                      ",1,"0.159700                      ",3,"0.479200                      ",495,"79.073400                     "
"2002","48472","12","2478","","03","El/Sec    ","N","Hayward Community","","Combined Elementary/Secondary School Type/ Prek-12","0",0,"--                            ",0,"--                            ",0,"--                            ",0,"--                            ",0,"--                            ",0,"--                            ",0,"--                            "
"2002","48472","12","2478","","03","Summary   ","N","Hayward Community","","Grades PreK-12","1972",953,"48.326500                     ",1019,"51.673400                     ",470,"23.833600                     ",9,"0.456300                      ",4,"0.202800                      ",15,"0.760600                      ",1474,"74.746400                     "
"2002","47851","12","2478","0020","04","Elem      ","N","Hayward Community","Hayward Primary","Grades PreK-12","364",179,"49.175800                     ",185,"50.824100                     ",88,"24.175800                     ",2,"0.549400                      ",1,"0.274700                      ",5,"1.373600                      ",268,"73.626300                     "
"2002","47852","12","2478","0040","04","High      ","N","Hayward Community","Hayward Hi","Grades PreK-12","604",293,"48.509900                     ",311,"51.490000                     ",111,"18.377400                     ",3,"0.496600                      ",1,"0.165500                      ",3,"0.496600                      ",486,"80.463500                     "
"2002","47853","12","2478","0060","04","Mid/Jr Hi ","N","Hayward Community","Hayward Mid","Grades PreK-12","508",248,"48.818800                     ",260,"51.181100                     ",136,"26.771600                     ",2,"0.393700                      ",0,"0.000000                      ",5,"0.984200                      ",365,"71.850300                     "
"2002","47991","12","2478","0080","04","High      ","N","Hayward Community","Alternative Hi","Grades PreK-12","22",13,"59.090900                     ",9,"40.909000                     ",13,"59.090900                     ",0,"0.000000                      ",0,"0.000000                      ",0,"0.000000                      ",9,"40.909000                     "
"2002","47862","12","2478","0100","04","Elem      ","N","Hayward Community","Stone Lake El","Grades PreK-12","64",32,"50.000000                     ",32,"50.000000                     ",16,"25.000000                     ",0,"0.000000                      ",0,"0.000000                      ",0,"0.000000                      ",48,"75.000000                     "
"2002","49312","12","2478","0110","04","Elem      ","N","Hayward Community","Hayward Intermediate","Grades PreK-12","394",184,"46.700500                     ",210,"53.299400                     ",90,"22.842600                     ",2,"0.507600                      ",2,"0.507600                      ",2,"0.507600                      ",298,"75.634500                     "
"2002","49879","12","2478","0120","04","Elem      ","Y","Hayward Community","Waadookodaading","Grades PreK-12","16",4,"25.000000                     ",12,"75.000000                     ",16,"100.000000                    ",0,"0.000000                      ",0,"0.000000                      ",0,"0.000000                      ",0,"0.000000                      "
"2002","48418","12","2618","","03","Elem      ","N","Hurley","","Elementary School Type/ Prek-12","366",187,"51.092800                     ",179,"48.907100                     ",4,"1.092800                      ",1,"0.273200                      ",1,"0.273200                      ",1,"0.273200                      ",359,"98.087400                     "
"2002","48418","12","2618","","03","Mid/Jr Hi ","N","Hurley","","Middle/Junior High School Type/ Prek-12","0",0,"--                            ",0,"--                            ",0,"--                            ",0,"--                            ",0,"--                            ",0,"--                            ",0,"--                            "
"2002","48418","12","2618","","03","High      ","N","Hurley","","High School Type/ PreK-12","386",199,"51.554400                     ",187,"48.445500                     ",11,"2.849700                      ",1,"0.259000                      ",1,"0.259000                      ",1,"0.259000                      ",372,"96.373000                     "
"2002","48418","12","2618","","03","El/Sec    ","N","Hurley","","Combined Elementary/Secondary School Type/ Prek-12","26",15,"57.692300                     ",11,"42.307600                     ",0,"0.000000                      ",0,"0.000000                      ",0,"0.000000                      ",0,"0.000000                      ",26,"100.000000                    "
"2002","48418","12","2618","","03","Summary   ","N","Hurley","","Grades PreK-12","778",401,"51.542400                     ",377,"48.457500                     ",15,"1.928000                      ",2,"0.257000                      ",2,"0.257000                      ",2,"0.257000                      ",757,"97.300700                     "
"2002","47664","12","2618","0060","04","High      ","N","Hurley","Hurley K-12 Sch","Grades PreK-12","386",199,"51.554400                     ",187,"48.445500                     ",11,"2.849700                      ",1,"0.259000                      ",1,"0.259000                      ",1,"0.259000                      ",372,"96.373000                     "
"2002","47665","12","2618","0080","04","Elem      ","N","Hurley","Hurley K-12 Sch","Grades PreK-12","366",187,"51.092800                     ",179,"48.907100                     ",4,"1.092800                      ",1,"0.273200                      ",1,"0.273200                      ",1,"0.273200                      ",359,"98.087400                     "
"2002","49283","12","2618","0800","04","El/Sec    ","Y","Hurley","Dr Joseph Lalich Charter Sch","Grades PreK-12","26",15,"57.692300                     ",11,"42.307600                     ",0,"0.000000                      ",0,"0.000000                      ",0,"0.000000                      ",0,"0.000000                      ",26,"100.000000                    "
"2002","48238","12","3297","","03","Elem      ","N","Maple","","Elementary School Type/ Prek-12","648",300,"46.296200                     ",348,"53.703700                     ",25,"3.858000                      ",11,"1.697500                      ",4,"0.617200                      ",9,"1.388800                      ",599,"92.438200                     "
"2002","48238","12","3297","","03","Mid/Jr Hi ","N","Maple","","Middle/Junior High School Type/ Prek-12","306",140,"45.751600                     ",166,"54.248300                     ",1,"0.326700                      ",3,"0.980300                      ",2,"0.653500                      ",4,"1.307100                      ",296,"96.732000                     "
"2002","48238","12","3297","","03","High      ","N","Maple","","High School Type/ PreK-12","437",206,"47.139500                     ",231,"52.860400                     ",6,"1.372900                      ",1,"0.228800                      ",1,"0.228800                      ",4,"0.915300                      ",425,"97.254000                     "
"2002","48238","12","3297","","03","El/Sec    ","N","Maple","","Combined Elementary/Secondary School Type/ Prek-12","0",0,"--                            ",0,"--                            ",0,"--                            ",0,"--                            ",0,"--                            ",0,"--                            ",0,"--                            "
"2002","48238","12","3297","","03","Summary   ","N","Maple","","Grades PreK-12","1391",646,"46.441400                     ",745,"53.558500                     ",32,"2.300500                      ",15,"1.078300                      ",7,"0.503200                      ",17,"1.222100                      ",1320,"94.895700                     "
"2002","49407","12","3297","0080","04","Elem      ","N","Maple","Iron River El","Grades PreK-12","109",44,"40.366900                     ",65,"59.633000                     ",3,"2.752200                      ",2,"1.834800                      ",0,"0.000000                      ",0,"0.000000                      ",104,"95.412800                     "
"2002","48029","12","3297","0130","04","Elem      ","N","Maple","Northwestern El","Grades PreK-12","539",256,"47.495300                     ",283,"52.504600                     ",22,"4.081600                      ",9,"1.669700                      ",4,"0.742100                      ",9,"1.669700                      ",495,"91.836700                     "
"2002","46959","12","3297","0160","04","High      ","N","Maple","Northwestern Hi","Grades PreK-12","437",206,"47.139500                     ",231,"52.860400                     ",6,"1.372900                      ",1,"0.228800                      ",1,"0.228800                      ",4,"0.915300                      ",425,"97.254000                     "
"2002","46961","12","3297","0170","04","Mid/Jr Hi ","N","Maple","Northwestern Mid","Grades PreK-12","306",140,"45.751600                     ",166,"54.248300                     ",1,"0.326700                      ",3,"0.980300                      ",2,"0.653500                      ",4,"1.307100                      ",296,"96.732000                     "
"2002","49718","12","3297","9300","04","Mid/Jr Hi ","Y","Maple","Richard I Bong Memorial Academy","Grades PreK-12","5",1,"20.000000                     ",4,"80.000000                     ",1,"20.000000                     ",0,"0.000000                      ",0,"0.000000                      ",1,"20.000000                     ",3,"60.000000                     "
"2002","48424","12","3427","","03","Elem      ","N","Mellen","","Elementary School Type/ Prek-12","205",83,"40.487800                     ",122,"59.512100                     ",6,"2.926800                      ",3,"1.463400                      ",2,"0.975600                      ",0,"0.000000                      ",194,"94.634100                     "
"2002","48424","12","3427","","03","Mid/Jr Hi ","N","Mellen","","Middle/Junior High School Type/ Prek-12","0",0,"--                            ",0,"--                            ",0,"--                            ",0,"--                            ",0,"--                            ",0,"--                            ",0,"--                            "
"2002","48424","12","3427","","03","High      ","N","Mellen","","High School Type/ PreK-12","110",51,"46.363600                     ",59,"53.636300                     ",10,"9.090900                      ",0,"0.000000                      ",1,"0.909000                      ",0,"0.000000                      ",99,"90.000000                     "
"2002","48424","12","3427","","03","El/Sec    ","N","Mellen","","Combined Elementary/Secondary School Type/ Prek-12","0",0,"--                            ",0,"--                            ",0,"--                            ",0,"--                            ",0,"--                            ",0,"--                            ",0,"--                            "
"2002","48424","12","3427","","03","Summary   ","N","Mellen","","Grades PreK-12","315",134,"42.539600                     ",181,"57.460300                     ",16,"5.079300                      ",3,"0.952300                      ",3,"0.952300                      ",0,"0.000000                      ",293,"93.015800                     "
"2002","47673","12","3427","0040","04","Elem      ","N","Mellen","Mellen El","Grades PreK-12","205",83,"40.487800                     ",122,"59.512100                     ",6,"2.926800                      ",3,"1.463400                      ",2,"0.975600                      ",0,"0.000000                      ",194,"94.634100                     "
"2002","47674","12","3427","0060","04","High      ","N","Mellen","Mellen Hi","Grades PreK-12","110",51,"46.363600                     ",59,"53.636300                     ",10,"9.090900                      ",0,"0.000000                      ",1,"0.909000                      ",0,"0.000000                      ",99,"90.000000                     "
"2002","48425","12","3484","","03","Elem      ","N","Mercer","","Elementary School Type/ Prek-12","0",0,"--                            ",0,"--                            ",0,"--                            ",0,"--                            ",0,"--                            ",0,"--                            ",0,"--                            "
"2002","48425","12","3484","","03","Mid/Jr Hi ","N","Mercer","","Middle/Junior High School Type/ Prek-12","0",0,"--                            ",0,"--                            ",0,"--                            ",0,"--                            ",0,"--                            ",0,"--                            ",0,"--                            "
"2002","48425","12","3484","","03","High      ","N","Mercer","","High School Type/ PreK-12","0",0,"--                            ",0,"--                            ",0,"--                            ",0,"--                            ",0,"--                            ",0,"--                            ",0,"--                            "
"2002","48425","12","3484","","03","El/Sec    ","N","Mercer","","Combined Elementary/Secondary School Type/ Prek-12","228",116,"50.877100                     ",112,"49.122800                     ",1,"0.438500                      ",1,"0.438500                      ",1,"0.438500                      ",0,"0.000000                      ",225,"98.684200                     "
"2002","48425","12","3484","","03","Summary   ","N","Mercer","","Grades PreK-12","228",116,"50.877100                     ",112,"49.122800                     ",1,"0.438500                      ",1,"0.438500                      ",1,"0.438500                      ",0,"0.000000                      ",225,"98.684200                     "
"2002","47675","12","3484","0040","04","El/Sec    ","N","Mercer","Mercer School","Grades PreK-12","228",116,"50.877100                     ",112,"49.122800                     ",1,"0.438500                      ",1,"0.438500                      ",1,"0.438500                      ",0,"0.000000                      ",225,"98.684200                     "
"2002","48239","12","3654","","03","Elem      ","N","Northwood","","Elementary School Type/ Prek-12","0",0,"--                            ",0,"--                            ",0,"--                            ",0,"--                            ",0,"--                            ",0,"--                            ",0,"--                            "
"2002","48239","12","3654","","03","Mid/Jr Hi ","N","Northwood","","Middle/Junior High School Type/ Prek-12","0",0,"--                            ",0,"--                            ",0,"--                            ",0,"--                            ",0,"--                            ",0,"--                            ",0,"--                            "
"2002","48239","12","3654","","03","High      ","N","Northwood","","High School Type/ PreK-12","0",0,"--                            ",0,"--                            ",0,"--                            ",0,"--                            ",0,"--                            ",0,"--                            ",0,"--                            "
"2002","48239","12","3654","","03","El/Sec    ","N","Northwood","","Combined Elementary/Secondary School Type/ Prek-12","406",202,"49.753600                     ",204,"50.246300                     ",9,"2.216700                      ",1,"0.246300                      ",3,"0.738900                      ",4,"0.985200                      ",389,"95.812800                     "
"2002","48239","12","3654","","03","Summary   ","N","Northwood","","Grades PreK-12","406",202,"49.753600                     ",204,"50.246300                     ",9,"2.216700                      ",1,"0.246300                      ",3,"0.738900                      ",4,"0.985200                      ",389,"95.812800                     "
"2002","46960","12","3654","0060","04","El/Sec    ","N","Northwood","Northwood Sch","Grades PreK-12","406",202,"49.753600                     ",204,"50.246300                     ",9,"2.216700                      ",1,"0.246300                      ",3,"0.738900                      ",4,"0.985200                      ",389,"95.812800                     "
"2002","48428","12","4242","","03","Elem      ","N","Park Falls","","Elementary School Type/ Prek-12","404",210,"51.980100                     ",194,"48.019800                     ",8,"1.980100                      ",7,"1.732600                      ",3,"0.742500                      ",2,"0.495000                      ",384,"95.049500                     "
"2002","48428","12","4242","","03","Mid/Jr Hi ","N","Park Falls","","Middle/Junior High School Type/ Prek-12","129",55,"42.635600                     ",74,"57.364300                     ",1,"0.775100                      ",1,"0.775100                      ",1,"0.775100                      ",0,"0.000000                      ",126,"97.674400                     "
"2002","48428","12","4242","","03","High      ","N","Park Falls","","High School Type/ PreK-12","358",168,"46.927300                     ",190,"53.072600                     ",9,"2.513900                      ",5,"1.396600                      ",0,"0.000000                      ",3,"0.837900                      ",341,"95.251300                     "
"2002","48428","12","4242","","03","El/Sec    ","N","Park Falls","","Combined Elementary/Secondary School Type/ Prek-12","0",0,"--                            ",0,"--                            ",0,"--                            ",0,"--                            ",0,"--                            ",0,"--                            ",0,"--                            "
"2002","48428","12","4242","","03","Summary   ","N","Park Falls","","Grades PreK-12","891",433,"48.597000                     ",458,"51.402900                     ",18,"2.020200                      ",13,"1.459000                      ",4,"0.448900                      ",5,"0.561100                      ",851,"95.510600                     "
"2002","47678","12","4242","0020","04","Mid/Jr Hi ","N","Park Falls","Lincoln Jr","Grades PreK-12","129",55,"42.635600                     ",74,"57.364300                     ",1,"0.775100                      ",1,"0.775100                      ",1,"0.775100                      ",0,"0.000000                      ",126,"97.674400                     "
"2002","47679","12","4242","0050","04","Elem      ","N","Park Falls","Park Falls El","Grades PreK-12","404",210,"51.980100                     ",194,"48.019800                     ",8,"1.980100                      ",7,"1.732600                      ",3,"0.742500                      ",2,"0.495000                      ",384,"95.049500                     "
"2002","47680","12","4242","0060","04","High      ","N","Park Falls","Park Falls Hi","Grades PreK-12","358",168,"46.927300                     ",190,"53.072600                     ",9,"2.513900                      ",5,"1.396600                      ",0,"0.000000                      ",3,"0.837900                      ",341,"95.251300                     "
"2002","48430","12","4347","","03","Elem      ","N","Phillips","","Elementary School Type/ Prek-12","453",216,"47.682100                     ",237,"52.317800                     ",4,"0.883000                      ",2,"0.441500                      ",2,"0.441500                      ",7,"1.545200                      ",438,"96.688700                     "
"2002","48430","12","4347","","03","Mid/Jr Hi ","N","Phillips","","Middle/Junior High School Type/ Prek-12","294",141,"47.959100                     ",153,"52.040800                     ",1,"0.340100                      ",2,"0.680200                      ",0,"0.000000                      ",3,"1.020400                      ",288,"97.959100                     "
"2002","48430","12","4347","","03","High      ","N","Phillips","","High School Type/ PreK-12","405",176,"43.456700                     ",229,"56.543200                     ",6,"1.481400                      ",2,"0.493800                      ",0,"0.000000                      ",1,"0.246900                      ",396,"97.777700                     "
"2002","48430","12","4347","","03","El/Sec    ","N","Phillips","","Combined Elementary/Secondary School Type/ Prek-12","0",0,"--                            ",0,"--                            ",0,"--                            ",0,"--                            ",0,"--                            ",0,"--                            ",0,"--                            "
"2002","48430","12","4347","","03","Summary   ","N","Phillips","","Grades PreK-12","1152",533,"46.267300                     ",619,"53.732600                     ",11,"0.954800                      ",6,"0.520800                      ",2,"0.173600                      ",11,"0.954800                      ",1122,"97.395800                     "
"2002","46836","12","4347","0020","04","Mid/Jr Hi ","N","Phillips","Catawba Mid","Grades PreK-12","51",21,"41.176400                     ",30,"58.823500                     ",0,"0.000000                      ",0,"0.000000                      ",0,"0.000000                      ",1,"1.960700                      ",50,"98.039200                     "
"2002","47667","12","4347","0060","04","Elem      ","N","Phillips","Kennan El","Grades PreK-12","72",45,"62.500000                     ",27,"37.500000                     ",1,"1.388800                      ",1,"1.388800                      ",2,"2.777700                      ",0,"0.000000                      ",68,"94.444400                     "
"2002","47683","12","4347","0100","04","Elem      ","N","Phillips","Phillips El","Grades PreK-12","381",171,"44.881800                     ",210,"55.118100                     ",3,"0.787400                      ",1,"0.262400                      ",0,"0.000000                      ",7,"1.837200                      ",370,"97.112800                     "
"2002","47684","12","4347","0120","04","High      ","N","Phillips","Phillips Hi","Grades PreK-12","405",176,"43.456700                     ",229,"56.543200                     ",6,"1.481400                      ",2,"0.493800                      ",0,"0.000000                      ",1,"0.246900                      ",396,"97.777700                     "
"2002","47685","12","4347","0130","04","Mid/Jr Hi ","N","Phillips","Phillips Mid","Grades PreK-12","243",120,"49.382700                     ",123,"50.617200                     ",1,"0.411500                      ",2,"0.823000                      ",0,"0.000000                      ",2,"0.823000                      ",238,"97.942300                     "
"2002","48240","12","4522","","03","Elem      ","N","South Shore","","Elementary School Type/ Prek-12","96",37,"38.541600                     ",59,"61.458300                     ",4,"4.166600                      ",0,"0.000000                      ",0,"0.000000                      ",0,"0.000000                      ",92,"95.833300                     "
"2002","48240","12","4522","","03","Mid/Jr Hi ","N","South Shore","","Middle/Junior High School Type/ Prek-12","0",0,"--                            ",0,"--                            ",0,"--                            ",0,"--                            ",0,"--                            ",0,"--                            ",0,"--                            "
"2002","48240","12","4522","","03","High      ","N","South Shore","","High School Type/ PreK-12","143",77,"53.846100                     ",66,"46.153800                     ",4,"2.797200                      ",0,"0.000000                      ",0,"0.000000                      ",1,"0.699300                      ",138,"96.503400                     "
"2002","48240","12","4522","","03","El/Sec    ","N","South Shore","","Combined Elementary/Secondary School Type/ Prek-12","0",0,"--                            ",0,"--                            ",0,"--                            ",0,"--                            ",0,"--                            ",0,"--                            ",0,"--                            "
"2002","48240","12","4522","","03","Summary   ","N","South Shore","","Grades PreK-12","239",114,"47.698700                     ",125,"52.301200                     ",8,"3.347200                      ",0,"0.000000                      ",0,"0.000000                      ",1,"0.418400                      ",230,"96.234300                     "
"2002","46963","12","4522","0040","04","Elem      ","N","South Shore","South Shore El","Grades PreK-12","96",37,"38.541600                     ",59,"61.458300                     ",4,"4.166600                      ",0,"0.000000                      ",0,"0.000000                      ",0,"0.000000                      ",92,"95.833300                     "
"2002","46962","12","4522","0100","04","High      ","N","South Shore","South Shore Jr/Sr Hi","Grades PreK-12","143",77,"53.846100                     ",66,"46.153800                     ",4,"2.797200                      ",0,"0.000000                      ",0,"0.000000                      ",1,"0.699300                      ",138,"96.503400                     "
"2002","48476","12","5397","","03","Elem      ","N","Solon Springs","","Elementary School Type/ Prek-12","0",0,"--                            ",0,"--                            ",0,"--                            ",0,"--                            ",0,"--                            ",0,"--                            ",0,"--                            "
"2002","48476","12","5397","","03","Mid/Jr Hi ","N","Solon Springs","","Middle/Junior High School Type/ Prek-12","0",0,"--                            ",0,"--                            ",0,"--                            ",0,"--                            ",0,"--                            ",0,"--                            ",0,"--                            "
"2002","48476","12","5397","","03","High      ","N","Solon Springs","","High School Type/ PreK-12","0",0,"--                            ",0,"--                            ",0,"--                            ",0,"--                            ",0,"--                            ",0,"--                            ",0,"--                            "
"2002","48476","12","5397","","03","El/Sec    ","N","Solon Springs","","Combined Elementary/Secondary School Type/ Prek-12","383",186,"48.563900                     ",197,"51.436000                     ",4,"1.044300                      ",7,"1.827600                      ",4,"1.044300                      ",0,"0.000000                      ",368,"96.083500                     "
"2002","48476","12","5397","","03","Summary   ","N","Solon Springs","","Grades PreK-12","383",186,"48.563900                     ",197,"51.436000                     ",4,"1.044300                      ",7,"1.827600                      ",4,"1.044300                      ",0,"0.000000                      ",368,"96.083500                     "
"2002","48975","12","5397","0800","04","El/Sec    ","N","Solon Springs","Solon Springs School","Grades PreK-12","383",186,"48.563900                     ",197,"51.436000                     ",4,"1.044300                      ",7,"1.827600                      ",4,"1.044300                      ",0,"0.000000                      ",368,"96.083500                     "
"2002","49770","12","5397","9300","4C","Mid/Jr Hi ","Y","Solon Springs","Richard I Bong Memorial Academy","Grades PreK-12","0",0,"--                            ",0,"--                            ",0,"--                            ",0,"--                            ",0,"--                            ",0,"--                            ",0,"--                            "
"2002","48477","12","5663","","03","Elem      ","N","Superior","","Elementary School Type/ Prek-12","2590",1218,"47.027000                     ",1372,"52.972900                     ",87,"3.359000                      ",49,"1.891800                      ",53,"2.046300                      ",23,"0.888000                      ",2378,"91.814600                     "
"2002","48477","12","5663","","03","Mid/Jr Hi ","N","Superior","","Middle/Junior High School Type/ Prek-12","760",398,"52.368400                     ",362,"47.631500                     ",35,"4.605200                      ",14,"1.842100                      ",12,"1.578900                      ",6,"0.789400                      ",693,"91.184200                     "
"2002","48477","12","5663","","03","High      ","N","Superior","","High School Type/ PreK-12","1705",804,"47.155400                     ",901,"52.844500                     ",109,"6.392900                      ",32,"1.876800                      ",15,"0.879700                      ",11,"0.645100                      ",1538,"90.205200                     "
"2002","48477","12","5663","","03","El/Sec    ","N","Superior","","Combined Elementary/Secondary School Type/ Prek-12","0",0,"--                            ",0,"--                            ",0,"--                            ",0,"--                            ",0,"--                            ",0,"--                            ",0,"--                            "
"2002","48477","12","5663","","03","Summary   ","N","Superior","","Grades PreK-12","5055",2420,"47.873300                     ",2635,"52.126600                     ",231,"4.569700                      ",95,"1.879300                      ",80,"1.582500                      ",40,"0.791200                      ",4609,"91.177000                     "
"2002","47868","12","5663","0020","04","Elem      ","N","Superior","Blaine El","Grades PreK-12","414",205,"49.516900                     ",209,"50.483000                     ",28,"6.763200                      ",30,"7.246300                      ",25,"6.038600                      ",3,"0.724600                      ",328,"79.227000                     "
"2002","47869","12","5663","0040","04","Elem      ","N","Superior","Bryant El","Grades PreK-12","463",214,"46.220300                     ",249,"53.779600                     ",16,"3.455700                      ",3,"0.647900                      ",5,"1.079900                      ",3,"0.647900                      ",436,"94.168400                     "
"2002","47870","12","5663","0060","04","Mid/Jr Hi ","N","Superior","Central Mid","Grades PreK-12","429",227,"52.913700                     ",202,"47.086200                     ",21,"4.895100                      ",13,"3.030300                      ",8,"1.864800                      ",6,"1.398600                      ",381,"88.811100                     "
"2002","47871","12","5663","0080","04","Mid/Jr Hi ","N","Superior","East Mid","Grades PreK-12","331",171,"51.661600                     ",160,"48.338300                     ",14,"4.229600                      ",1,"0.302100                      ",4,"1.208400                      ",0,"0.000000                      ",312,"94.259800                     "
"2002","47872","12","5663","0110","04","Elem      ","N","Superior","Four Corners El","Grades PreK-12","342",155,"45.321600                     ",187,"54.678300                     ",4,"1.169500                      ",3,"0.877100                      ",2,"0.584700                      ",4,"1.169500                      ",329,"96.198800                     "
"2002","47873","12","5663","0120","04","Elem      ","N","Superior","Lake Superior El","Grades PreK-12","254",110,"43.307000                     ",144,"56.692900                     ",6,"2.362200                      ",0,"0.000000                      ",3,"1.181100                      ",6,"2.362200                      ",239,"94.094400                     "
"2002","47874","12","5663","0200","04","High      ","N","Superior","Northland Secondary","Grades PreK-12","67",30,"44.776100                     ",37,"55.223800                     ",14,"20.895500                     ",2,"2.985000                      ",0,"0.000000                      ",2,"2.985000                      ",49,"73.134300                     "
"2002","47875","12","5663","0220","04","Elem      ","N","Superior","Pattison El","Grades PreK-12","252",135,"53.571400                     ",117,"46.428500                     ",10,"3.968200                      ",5,"1.984100                      ",6,"2.380900                      ",2,"0.793600                      ",229,"90.873000                     "
"2002","47876","12","5663","0260","04","Elem      ","N","Superior","Cooper El","Grades PreK-12","438",198,"45.205400                     ",240,"54.794500                     ",15,"3.424600                      ",4,"0.913200                      ",9,"2.054700                      ",3,"0.684900                      ",407,"92.922300                     "
"2002","47877","12","5663","0280","04","High      ","N","Superior","Superior Hi","Grades PreK-12","1638",774,"47.252700                     ",864,"52.747200                     ",95,"5.799700                      ",30,"1.831500                      ",15,"0.915700                      ",9,"0.549400                      ",1489,"90.903500                     "
"2002","47974","12","5663","0300","04","Elem      ","N","Superior","Great Lakes El","Grades PreK-12","427",201,"47.072500                     ",226,"52.927400                     ",8,"1.873500                      ",4,"0.936700                      ",3,"0.702500                      ",2,"0.468300                      ",410,"96.018700                     "
"2002","49772","12","5663","9300","4C","Mid/Jr Hi ","Y","Superior","Richard I Bong Memorial Academy","Grades PreK-12","4",0,"0.000000                      ",4,"100.000000                    ",1,"25.000000                     ",0,"0.000000                      ",0,"0.000000                      ",0,"0.000000                      ",3,"75.000000                     "
"2002","48479","12","6027","","03","Elem      ","N","Washburn","","Elementary School Type/ Prek-12","280",128,"45.714200                     ",152,"54.285700                     ",23,"8.214200                      ",3,"1.071400                      ",4,"1.428500                      ",4,"1.428500                      ",246,"87.857100                     "
"2002","48479","12","6027","","03","Mid/Jr Hi ","N","Washburn","","Middle/Junior High School Type/ Prek-12","209",98,"46.889900                     ",111,"53.110000                     ",15,"7.177000                      ",2,"0.956900                      ",1,"0.478400                      ",7,"3.349200                      ",184,"88.038200                     "
"2002","48479","12","6027","","03","High      ","N","Washburn","","High School Type/ PreK-12","280",132,"47.142800                     ",148,"52.857100                     ",23,"8.214200                      ",7,"2.500000                      ",2,"0.714200                      ",5,"1.785700                      ",243,"86.785700                     "
"2002","48479","12","6027","","03","El/Sec    ","N","Washburn","","Combined Elementary/Secondary School Type/ Prek-12","0",0,"--                            ",0,"--                            ",0,"--                            ",0,"--                            ",0,"--                            ",0,"--                            ",0,"--                            "
"2002","48479","12","6027","","03","Summary   ","N","Washburn","","Grades PreK-12","769",358,"46.553900                     ",411,"53.446000                     ",61,"7.932300                      ",12,"1.560400                      ",7,"0.910200                      ",16,"2.080600                      ",673,"87.516200                     "
"2002","47880","12","6027","0010","04","Elem      ","N","Washburn","Washburn El","Grades PreK-12","280",128,"45.714200                     ",152,"54.285700                     ",23,"8.214200                      ",3,"1.071400                      ",4,"1.428500                      ",4,"1.428500                      ",246,"87.857100                     "
"2002","47881","12","6027","0020","04","Mid/Jr Hi ","N","Washburn","DuPont Mid","Grades PreK-12","209",98,"46.889900                     ",111,"53.110000                     ",15,"7.177000                      ",2,"0.956900                      ",1,"0.478400                      ",7,"3.349200                      ",184,"88.038200                     "
"2002","47882","12","6027","0040","04","High      ","N","Washburn","Washburn Hi","Grades PreK-12","280",132,"47.142800                     ",148,"52.857100                     ",23,"8.214200                      ",7,"2.500000                      ",2,"0.714200                      ",5,"1.785700                      ",243,"86.785700                     "
"2002","48482","12","6615","","03","Elem      ","N","Winter","","Elementary School Type/ Prek-12","152",69,"45.394700                     ",83,"54.605200                     ",9,"5.921000                      ",0,"0.000000                      ",1,"0.657800                      ",2,"1.315700                      ",140,"92.105200                     "
"2002","48482","12","6615","","03","Mid/Jr Hi ","N","Winter","","Middle/Junior High School Type/ Prek-12","91",43,"47.252700                     ",48,"52.747200                     ",8,"8.791200                      ",0,"0.000000                      ",0,"0.000000                      ",4,"4.395600                      ",79,"86.813100                     "
"2002","48482","12","6615","","03","High      ","N","Winter","","High School Type/ PreK-12","163",85,"52.147200                     ",78,"47.852700                     ",29,"17.791400                     ",0,"0.000000                      ",2,"1.226900                      ",0,"0.000000                      ",132,"80.981500                     "
"2002","48482","12","6615","","03","El/Sec    ","N","Winter","","Combined Elementary/Secondary School Type/ Prek-12","0",0,"--                            ",0,"--                            ",0,"--                            ",0,"--                            ",0,"--                            ",0,"--                            ",0,"--                            "
"2002","48482","12","6615","","03","Summary   ","N","Winter","","Grades PreK-12","406",197,"48.522100                     ",209,"51.477800                     ",46,"11.330000                     ",0,"0.000000                      ",3,"0.738900                      ",6,"1.477800                      ",351,"86.453200                     "
"2002","47888","12","6615","0060","04","Elem      ","N","Winter","Winter El","Grades PreK-12","152",69,"45.394700                     ",83,"54.605200                     ",9,"5.921000                      ",0,"0.000000                      ",1,"0.657800                      ",2,"1.315700                      ",140,"92.105200                     "
"2002","47889","12","6615","0080","04","High      ","N","Winter","Winter Hi","Grades PreK-12","163",85,"52.147200                     ",78,"47.852700                     ",29,"17.791400                     ",0,"0.000000                      ",2,"1.226900                      ",0,"0.000000                      ",132,"80.981500                     "
"2002","49408","12","6615","0100","04","Mid/Jr Hi ","N","Winter","Winter Mid","Grades PreK-12","91",43,"47.252700                     ",48,"52.747200                     ",8,"8.791200                      ",0,"0.000000                      ",0,"0.000000                      ",4,"4.395600                      ",79,"86.813100                     "
